<?xml version='1.0' encoding='UTF-8'?>
<?artifactRepository version='1.1.0'?>
<repository name='download cache' type='org.eclipse.equinox.p2.artifact.repository.simpleRepository' version='1.0.0'>
  <properties size='2'>
    <property name='p2.system' value='true'/>
    <property name='p2.timestamp' value='1357286791067'/>
  </properties>
  <mappings size='3'>
    <rule filter='(&amp; (classifier=osgi.bundle))' output='${repoUrl}/plugins/${id}_${version}.jar'/>
    <rule filter='(&amp; (classifier=binary))' output='${repoUrl}/binary/${id}_${version}'/>
    <rule filter='(&amp; (classifier=org.eclipse.update.feature))' output='${repoUrl}/features/${id}_${version}.jar'/>
  </mappings>
  <artifacts size='3'>
    <artifact classifier='binary' id='org.eclipsetrader.platform_root' version='1.0.0.v201301040902-7b9eFbCFMW_pJms8JybjPnICL1Pw'>
      <properties size='1'>
        <property name='download.size' value='7425'/>
      </properties>
    </artifact>
    <artifact classifier='binary' id='org.eclipsetrader.platform.workbench.root.feature_root' version='1.0.0.v201301040902'>
      <properties size='1'>
        <property name='download.size' value='264'/>
      </properties>
    </artifact>
    <artifact classifier='binary' id='org.eclipsetrader.platform.workbench_root.cocoa.macosx.x86' version='1.0.0.v201301040902'>
      <properties size='1'>
        <property name='download.size' value='17249'/>
      </properties>
    </artifact>
  </artifacts>
</repository>
