<?xml version='1.0' encoding='UTF-8'?>
<?artifactRepository version='1.1.0'?>
<repository name='Bundle pool' type='org.eclipse.equinox.p2.artifact.repository.simpleRepository' version='1'>
  <properties size='2'>
    <property name='p2.system' value='true'/>
    <property name='p2.timestamp' value='1357286830807'/>
  </properties>
  <mappings size='3'>
    <rule filter='(&amp; (classifier=osgi.bundle))' output='${repoUrl}/plugins/${id}_${version}.jar'/>
    <rule filter='(&amp; (classifier=binary))' output='${repoUrl}/binary/${id}_${version}'/>
    <rule filter='(&amp; (classifier=org.eclipse.update.feature))' output='${repoUrl}/features/${id}_${version}.jar'/>
  </mappings>
  <artifacts size='183'>
    <artifact classifier='osgi.bundle' id='org.eclipse.equinox.p2.ui.sdk.scheduler' version='1.1.0.v20110815-1744'>
      <properties size='1'>
        <property name='download.size' value='60466'/>
      </properties>
    </artifact>
    <artifact classifier='osgi.bundle' id='org.eclipsetrader.ui.application' version='1.0.0.v201301040902'>
      <properties size='1'>
        <property name='download.size' value='51153'/>
      </properties>
    </artifact>
    <artifact classifier='osgi.bundle' id='org.eclipsetrader.directaworld' version='1.0.0.v201301040902'>
      <properties size='1'>
        <property name='download.size' value='44331'/>
      </properties>
    </artifact>
    <artifact classifier='osgi.bundle' id='org.eclipse.jetty.continuation' version='8.1.3.v20120522'>
      <properties size='1'>
        <property name='download.size' value='27328'/>
      </properties>
    </artifact>
    <artifact classifier='osgi.bundle' id='org.eclipse.equinox.p2.ui' version='2.2.0.v20120524-0542'>
      <properties size='1'>
        <property name='download.size' value='521137'/>
      </properties>
    </artifact>
    <artifact classifier='osgi.bundle' id='org.eclipse.equinox.app' version='1.3.100.v20120522-1841'>
      <properties size='1'>
        <property name='download.size' value='86390'/>
      </properties>
    </artifact>
    <artifact classifier='osgi.bundle' id='org.eclipse.ui.workbench.nl_it' version='4.2.0.v20121120043402'>
      <properties size='1'>
        <property name='download.size' value='27233'/>
      </properties>
    </artifact>
    <artifact classifier='osgi.bundle' id='org.eclipse.equinox.security.macosx' version='1.100.200.v20120522-2049'>
      <properties size='1'>
        <property name='download.size' value='16990'/>
      </properties>
    </artifact>
    <artifact classifier='osgi.bundle' id='org.apache.felix.gogo.shell' version='0.8.0.v201110170705'>
      <properties size='1'>
        <property name='download.size' value='60824'/>
      </properties>
    </artifact>
    <artifact classifier='osgi.bundle' id='org.eclipsetrader.platform.doc.isv' version='1.0.0.v201301040902'>
      <properties size='1'>
        <property name='download.size' value='1323074'/>
      </properties>
    </artifact>
    <artifact classifier='osgi.bundle' id='org.apache.lucene.analysis' version='2.9.1.v201101211721'>
      <properties size='1'>
        <property name='download.size' value='216089'/>
      </properties>
    </artifact>
    <artifact classifier='osgi.bundle' id='com.ibm.icu' version='4.4.2.v20110823'>
      <properties size='1'>
        <property name='download.size' value='6701200'/>
      </properties>
    </artifact>
    <artifact classifier='osgi.bundle' id='com.sun.syndication.fetcher' version='0.9.0.v200703071050'>
      <properties size='1'>
        <property name='download.size' value='28382'/>
      </properties>
    </artifact>
    <artifact classifier='osgi.bundle' id='org.eclipse.ui.forms' version='3.5.200.v20120521-2332'>
      <properties size='1'>
        <property name='download.size' value='302118'/>
      </properties>
    </artifact>
    <artifact classifier='osgi.bundle' id='org.eclipse.help.base' version='3.6.100.v201209141540'>
      <properties size='1'>
        <property name='download.size' value='421177'/>
      </properties>
    </artifact>
    <artifact classifier='osgi.bundle' id='org.eclipsetrader.platform' version='1.0.0.v201301040902'>
      <properties size='1'>
        <property name='download.size' value='51127'/>
      </properties>
    </artifact>
    <artifact classifier='osgi.bundle' id='org.eclipse.jetty.http' version='8.1.3.v20120522'>
      <properties size='1'>
        <property name='download.size' value='101528'/>
      </properties>
    </artifact>
    <artifact classifier='osgi.bundle' id='org.apache.commons.logging' version='1.1.1.v200906221723'>
      <properties size='1'>
        <property name='download.size' value='61866'/>
      </properties>
    </artifact>
    <artifact classifier='osgi.bundle' id='org.eclipse.ui.net.nl_it' version='4.2.0.v20121120043402'>
      <properties size='1'>
        <property name='download.size' value='2770'/>
      </properties>
    </artifact>
    <artifact classifier='osgi.bundle' id='org.eclipse.equinox.p2.updatesite' version='1.0.400.v20120412-1615'>
      <properties size='1'>
        <property name='download.size' value='83983'/>
      </properties>
    </artifact>
    <artifact classifier='osgi.bundle' id='org.eclipse.core.jobs.nl_it' version='4.2.0.v20121120043402'>
      <properties size='1'>
        <property name='download.size' value='2395'/>
      </properties>
    </artifact>
    <artifact classifier='osgi.bundle' id='org.eclipse.equinox.http.registry' version='1.1.200.v20120522-2049'>
      <properties size='1'>
        <property name='download.size' value='45222'/>
      </properties>
    </artifact>
    <artifact classifier='osgi.bundle' id='org.eclipse.ecf.filetransfer' version='5.0.0.v20120610-1946'>
      <properties size='1'>
        <property name='download.size' value='51713'/>
      </properties>
    </artifact>
    <artifact classifier='osgi.bundle' id='javax.servlet' version='3.0.0.v201112011016'>
      <properties size='1'>
        <property name='download.size' value='201594'/>
      </properties>
    </artifact>
    <artifact classifier='osgi.bundle' id='org.apache.felix.gogo.command' version='0.8.0.v201108120515'>
      <properties size='1'>
        <property name='download.size' value='57580'/>
      </properties>
    </artifact>
    <artifact classifier='osgi.bundle' id='org.eclipse.ecf.provider.filetransfer.httpclient.ssl' version='1.0.0.v20120610-1946'>
      <properties size='1'>
        <property name='download.size' value='17935'/>
      </properties>
    </artifact>
    <artifact classifier='osgi.bundle' id='org.eclipse.nebula.widgets.cdatetime' version='0.14.0.v201301040902'>
      <properties size='1'>
        <property name='download.size' value='117320'/>
      </properties>
    </artifact>
    <artifact classifier='osgi.bundle' id='org.apache.commons.httpclient' version='3.1.0.v201012070820'>
      <properties size='1'>
        <property name='download.size' value='321633'/>
      </properties>
    </artifact>
    <artifact classifier='osgi.bundle' id='org.eclipse.core.commands.nl_it' version='4.2.0.v20121120043402'>
      <properties size='1'>
        <property name='download.size' value='1365'/>
      </properties>
    </artifact>
    <artifact classifier='osgi.bundle' id='org.eclipse.ecf.provider.filetransfer.httpclient' version='4.0.200.v20120610-1946'>
      <properties size='1'>
        <property name='download.size' value='74130'/>
      </properties>
    </artifact>
    <artifact classifier='org.eclipse.update.feature' id='org.jdom' version='1.0.0.v200805261200'>
      <properties size='1'>
        <property name='download.size' value='3723'/>
      </properties>
      <repositoryProperties size='1'>
        <property name='artifact.folder' value='true'/>
      </repositoryProperties>
    </artifact>
    <artifact classifier='osgi.bundle' id='org.apache.commons.codec' version='1.3.0.v200906221723'>
      <properties size='1'>
        <property name='download.size' value='47265'/>
      </properties>
    </artifact>
    <artifact classifier='osgi.bundle' id='org.eclipse.equinox.p2.ql' version='2.0.100.v20110808-1657'>
      <properties size='1'>
        <property name='download.size' value='9256'/>
      </properties>
    </artifact>
    <artifact classifier='osgi.bundle' id='org.eclipse.ui.cocoa' version='1.1.1.v20120523-1956'>
      <properties size='1'>
        <property name='download.size' value='29258'/>
      </properties>
    </artifact>
    <artifact classifier='osgi.bundle' id='org.eclipsetrader.directa' version='1.0.0.v201301040902'>
      <properties size='1'>
        <property name='download.size' value='195095'/>
      </properties>
    </artifact>
    <artifact classifier='org.eclipse.update.feature' id='org.eclipse.rcp' version='3.8.1.v20120814-105048-ET-92BmGJlFw3Ez0WZ9TxCqgcSVAE'>
      <properties size='1'>
        <property name='download.size' value='14899'/>
      </properties>
      <repositoryProperties size='1'>
        <property name='artifact.folder' value='true'/>
      </repositoryProperties>
    </artifact>
    <artifact classifier='osgi.bundle' id='org.eclipse.ecf.identity' version='3.1.200.v20120610-1946'>
      <properties size='1'>
        <property name='download.size' value='54408'/>
      </properties>
    </artifact>
    <artifact classifier='osgi.bundle' id='org.apache.commons.collections' version='3.2.0.v200906221723'>
      <properties size='1'>
        <property name='download.size' value='599481'/>
      </properties>
    </artifact>
    <artifact classifier='osgi.bundle' id='org.eclipse.equinox.ds' version='1.4.0.v20120522-1841'>
      <properties size='1'>
        <property name='download.size' value='194032'/>
      </properties>
    </artifact>
    <artifact classifier='osgi.bundle' id='org.eclipse.help.appserver.nl_it' version='4.2.0.v20121120043402'>
      <properties size='1'>
        <property name='download.size' value='2552'/>
      </properties>
    </artifact>
    <artifact classifier='osgi.bundle' id='org.eclipse.equinox.p2.extensionlocation' version='1.2.100.v20110808-1657'>
      <properties size='1'>
        <property name='download.size' value='35834'/>
      </properties>
    </artifact>
    <artifact classifier='osgi.bundle' id='org.apache.commons.logging' version='1.0.4.v201101211617'>
      <properties size='1'>
        <property name='download.size' value='45405'/>
      </properties>
    </artifact>
    <artifact classifier='osgi.bundle' id='org.apache.jasper.glassfish' version='2.2.2.v201205150955'>
      <properties size='1'>
        <property name='download.size' value='2383691'/>
      </properties>
    </artifact>
    <artifact classifier='osgi.bundle' id='org.eclipse.equinox.p2.repository.tools' version='2.0.100.v20120501-1314'>
      <properties size='1'>
        <property name='download.size' value='235510'/>
      </properties>
    </artifact>
    <artifact classifier='osgi.bundle' id='org.eclipse.equinox.bidi' version='0.9.0.v20120522-1841'>
      <properties size='1'>
        <property name='download.size' value='49548'/>
      </properties>
    </artifact>
    <artifact classifier='osgi.bundle' id='org.eclipse.core.jobs' version='3.5.200.v20120521-2346'>
      <properties size='1'>
        <property name='download.size' value='92324'/>
      </properties>
    </artifact>
    <artifact classifier='osgi.bundle' id='org.eclipse.equinox.p2.repository' version='2.2.0.v20120524-1945'>
      <properties size='1'>
        <property name='download.size' value='131861'/>
      </properties>
    </artifact>
    <artifact classifier='osgi.bundle' id='org.eclipse.core.net' version='1.2.200.v20120522-1148'>
      <properties size='1'>
        <property name='download.size' value='70466'/>
      </properties>
    </artifact>
    <artifact classifier='osgi.bundle' id='org.eclipse.equinox.p2.ui.importexport' version='1.0.1.v20110818-1344'>
      <properties size='1'>
        <property name='download.size' value='117497'/>
      </properties>
    </artifact>
    <artifact classifier='osgi.bundle' id='org.eclipse.jface' version='3.8.0.v20120521-2332'>
      <properties size='1'>
        <property name='download.size' value='1090097'/>
      </properties>
    </artifact>
    <artifact classifier='osgi.bundle' id='org.eclipse.jetty.security' version='8.1.3.v20120522'>
      <properties size='1'>
        <property name='download.size' value='95308'/>
      </properties>
    </artifact>
    <artifact classifier='osgi.bundle' id='org.eclipse.jetty.io' version='8.1.3.v20120522'>
      <properties size='1'>
        <property name='download.size' value='111094'/>
      </properties>
    </artifact>
    <artifact classifier='osgi.bundle' id='org.eclipse.equinox.p2.directorywatcher' version='1.0.300.v20110808-1657'>
      <properties size='1'>
        <property name='download.size' value='33782'/>
      </properties>
    </artifact>
    <artifact classifier='osgi.bundle' id='org.apache.log4j' version='1.2.14.v200701080905'>
      <properties size='1'>
        <property name='download.size' value='373323'/>
      </properties>
    </artifact>
    <artifact classifier='osgi.bundle' id='org.sat4j.pb' version='2.3.0.v20110329'>
      <properties size='1'>
        <property name='download.size' value='140725'/>
      </properties>
    </artifact>
    <artifact classifier='osgi.bundle' id='org.eclipse.core.net.nl_it' version='4.2.0.v20121120043402'>
      <properties size='1'>
        <property name='download.size' value='2228'/>
      </properties>
    </artifact>
    <artifact classifier='osgi.bundle' id='org.eclipse.swt.cocoa.macosx.x86_64' version='3.8.1.v3834e'>
      <properties size='1'>
        <property name='download.size' value='2283255'/>
      </properties>
    </artifact>
    <artifact classifier='osgi.bundle' id='org.eclipse.ui' version='3.8.0.v20120523-1546'>
      <properties size='1'>
        <property name='download.size' value='154480'/>
      </properties>
    </artifact>
    <artifact classifier='osgi.bundle' id='org.eclipse.core.databinding' version='1.4.1.v20120521-2332'>
      <properties size='1'>
        <property name='download.size' value='202252'/>
      </properties>
    </artifact>
    <artifact classifier='org.eclipse.update.feature' id='org.eclipsetrader.brokers.paper' version='1.0.0.v201301040902-2--7w312412151A13'>
      <properties size='1'>
        <property name='download.size' value='24056'/>
      </properties>
      <repositoryProperties size='1'>
        <property name='artifact.folder' value='true'/>
      </repositoryProperties>
    </artifact>
    <artifact classifier='org.eclipse.update.feature' id='org.eclipse.equinox.p2.rcp.feature' version='1.1.0.v20120524-0542-785EoBqNKNYz-GX2sUgCaBty3dqr'>
      <properties size='1'>
        <property name='download.size' value='30959'/>
      </properties>
      <repositoryProperties size='1'>
        <property name='artifact.folder' value='true'/>
      </repositoryProperties>
    </artifact>
    <artifact classifier='osgi.bundle' id='org.eclipse.help.base.nl_it' version='4.2.0.v20121120043402'>
      <properties size='1'>
        <property name='download.size' value='3729'/>
      </properties>
    </artifact>
    <artifact classifier='org.eclipse.update.feature' id='org.eclipsetrader.platform' version='1.0.0.v201301040902-7b9eFbCFMW_pJms8JybjPnICL1Pw'>
      <properties size='1'>
        <property name='download.size' value='24713'/>
      </properties>
      <repositoryProperties size='1'>
        <property name='artifact.folder' value='true'/>
      </repositoryProperties>
    </artifact>
    <artifact classifier='osgi.bundle' id='org.eclipse.ui.nl_it' version='4.2.0.v20121120043402'>
      <properties size='1'>
        <property name='download.size' value='5383'/>
      </properties>
    </artifact>
    <artifact classifier='org.eclipse.update.feature' id='org.htmlparser' version='1.6.0.R20060319'>
      <properties size='1'>
        <property name='download.size' value='19819'/>
      </properties>
      <repositoryProperties size='1'>
        <property name='artifact.folder' value='true'/>
      </repositoryProperties>
    </artifact>
    <artifact classifier='osgi.bundle' id='org.eclipse.equinox.http.jetty' version='3.0.0.v20120522-1841'>
      <properties size='1'>
        <property name='download.size' value='25257'/>
      </properties>
    </artifact>
    <artifact classifier='osgi.bundle' id='org.eclipse.osgi' version='3.8.1.v20120830-144521'>
      <properties size='1'>
        <property name='download.size' value='1396458'/>
      </properties>
    </artifact>
    <artifact classifier='osgi.bundle' id='org.eclipse.equinox.p2.touchpoint.natives' version='1.1.0.v20120524-0542'>
      <properties size='1'>
        <property name='download.size' value='52957'/>
      </properties>
    </artifact>
    <artifact classifier='osgi.bundle' id='org.apache.commons' version='1.0.0.v200906221723'>
      <properties size='1'>
        <property name='download.size' value='9833'/>
      </properties>
    </artifact>
    <artifact classifier='osgi.bundle' id='com.sun.el' version='2.2.0.v201108011116'>
      <properties size='1'>
        <property name='download.size' value='130602'/>
      </properties>
    </artifact>
    <artifact classifier='org.eclipse.update.feature' id='com.sun.syndication' version='1.0.0.v200807162045'>
      <properties size='1'>
        <property name='download.size' value='9861'/>
      </properties>
      <repositoryProperties size='1'>
        <property name='artifact.folder' value='true'/>
      </repositoryProperties>
    </artifact>
    <artifact classifier='org.eclipse.update.feature' id='org.eclipse.equinox.p2.core.feature' version='1.1.0.v20120524-0542-8297FncFWmE7h4Asx2cpqz-T38'>
      <properties size='1'>
        <property name='download.size' value='31408'/>
      </properties>
      <repositoryProperties size='1'>
        <property name='artifact.folder' value='true'/>
      </repositoryProperties>
    </artifact>
    <artifact classifier='osgi.bundle' id='org.jdom' version='1.0.0.v200805261200'>
      <properties size='1'>
        <property name='download.size' value='151043'/>
      </properties>
    </artifact>
    <artifact classifier='osgi.bundle' id='org.eclipse.ui.forms.nl_it' version='4.2.0.v20121120043402'>
      <properties size='1'>
        <property name='download.size' value='2400'/>
      </properties>
    </artifact>
    <artifact classifier='org.eclipse.update.feature' id='org.eclipse.equinox.p2.user.ui' version='2.2.0.v20120524-0542-62DG9JXTlSiz-UbcP0w0KGl9CKNP'>
      <properties size='1'>
        <property name='download.size' value='30985'/>
      </properties>
      <repositoryProperties size='1'>
        <property name='artifact.folder' value='true'/>
      </repositoryProperties>
    </artifact>
    <artifact classifier='osgi.bundle' id='org.eclipsetrader.core' version='1.0.0.v201301040902'>
      <properties size='1'>
        <property name='download.size' value='407412'/>
      </properties>
    </artifact>
    <artifact classifier='osgi.bundle' id='org.eclipse.jface.nl_it' version='4.2.0.v20121120043402'>
      <properties size='1'>
        <property name='download.size' value='6159'/>
      </properties>
    </artifact>
    <artifact classifier='osgi.bundle' id='org.eclipse.swt' version='3.8.1.v3834e'>
      <properties size='1'>
        <property name='download.size' value='18537'/>
      </properties>
    </artifact>
    <artifact classifier='osgi.bundle' id='org.apache.lucene' version='2.9.1.v201101211721'>
      <properties size='1'>
        <property name='download.size' value='71018'/>
      </properties>
    </artifact>
    <artifact classifier='org.eclipse.update.feature' id='org.eclipse.babel.nls_it' version='4.2.0.v20121120043402'>
      <properties size='1'>
        <property name='download.size' value='24652'/>
      </properties>
      <repositoryProperties size='1'>
        <property name='artifact.folder' value='true'/>
      </repositoryProperties>
    </artifact>
    <artifact classifier='osgi.bundle' id='org.htmlparser' version='1.6.0.R20060319'>
      <properties size='1'>
        <property name='download.size' value='352409'/>
      </properties>
    </artifact>
    <artifact classifier='osgi.bundle' id='org.eclipse.equinox.p2.artifact.repository' version='1.1.200.v20120430-1959'>
      <properties size='1'>
        <property name='download.size' value='137108'/>
      </properties>
    </artifact>
    <artifact classifier='osgi.bundle' id='org.eclipse.equinox.p2.metadata' version='2.1.0.v20120430-2001'>
      <properties size='1'>
        <property name='download.size' value='340684'/>
      </properties>
    </artifact>
    <artifact classifier='osgi.bundle' id='org.eclipse.help.nl_it' version='4.2.0.v20121120043402'>
      <properties size='1'>
        <property name='download.size' value='1501'/>
      </properties>
    </artifact>
    <artifact classifier='osgi.bundle' id='org.eclipse.equinox.p2.core' version='2.2.0.v20120430-0525'>
      <properties size='1'>
        <property name='download.size' value='72599'/>
      </properties>
    </artifact>
    <artifact classifier='osgi.bundle' id='org.eclipse.core.expressions.nl_it' version='4.2.0.v20121120043402'>
      <properties size='1'>
        <property name='download.size' value='2972'/>
      </properties>
    </artifact>
    <artifact classifier='osgi.bundle' id='org.eclipse.equinox.simpleconfigurator.manipulator' version='2.0.0.v20110808-1657'>
      <properties size='1'>
        <property name='download.size' value='24055'/>
      </properties>
    </artifact>
    <artifact classifier='osgi.bundle' id='org.eclipse.core.databinding.beans.nl_it' version='4.2.0.v20121120043402'>
      <properties size='1'>
        <property name='download.size' value='1354'/>
      </properties>
    </artifact>
    <artifact classifier='osgi.bundle' id='org.eclipsetrader.ui' version='1.0.0.v201301040902'>
      <properties size='1'>
        <property name='download.size' value='1459481'/>
      </properties>
    </artifact>
    <artifact classifier='osgi.bundle' id='org.eclipse.equinox.security' version='1.1.100.v20120522-1841'>
      <properties size='1'>
        <property name='download.size' value='107463'/>
      </properties>
    </artifact>
    <artifact classifier='osgi.bundle' id='org.eclipse.help.ui' version='3.5.200.v20120521-2344'>
      <properties size='1'>
        <property name='download.size' value='499283'/>
      </properties>
    </artifact>
    <artifact classifier='osgi.bundle' id='org.eclipse.equinox.common' version='3.6.100.v20120522-1841'>
      <properties size='1'>
        <property name='download.size' value='106765'/>
      </properties>
    </artifact>
    <artifact classifier='osgi.bundle' id='org.eclipse.core.runtime' version='3.8.0.v20120521-2346'>
      <properties size='1'>
        <property name='download.size' value='75322'/>
      </properties>
    </artifact>
    <artifact classifier='org.eclipse.update.feature' id='org.eclipsetrader.directaworld' version='1.0.0.v201301040902-7956AoH9HdBTOHAaDI'>
      <properties size='1'>
        <property name='download.size' value='11359'/>
      </properties>
      <repositoryProperties size='1'>
        <property name='artifact.folder' value='true'/>
      </repositoryProperties>
    </artifact>
    <artifact classifier='osgi.bundle' id='org.apache.commons.codec' version='1.3.0.v201101211617'>
      <properties size='1'>
        <property name='download.size' value='55011'/>
      </properties>
    </artifact>
    <artifact classifier='osgi.bundle' id='org.sat4j.core' version='2.3.0.v20110329'>
      <properties size='1'>
        <property name='download.size' value='210700'/>
      </properties>
    </artifact>
    <artifact classifier='osgi.bundle' id='org.eclipse.core.runtime.nl_it' version='4.2.0.v20121120043402'>
      <properties size='1'>
        <property name='download.size' value='3737'/>
      </properties>
    </artifact>
    <artifact classifier='osgi.bundle' id='org.eclipse.equinox.p2.updatechecker' version='1.1.200.v20110808-1657'>
      <properties size='1'>
        <property name='download.size' value='18006'/>
      </properties>
    </artifact>
    <artifact classifier='osgi.bundle' id='org.apache.lucene.core' version='2.9.1.v201101211721'>
      <properties size='1'>
        <property name='download.size' value='1168475'/>
      </properties>
    </artifact>
    <artifact classifier='osgi.bundle' id='org.eclipse.osgi.services' version='3.3.100.v20120522-1822'>
      <properties size='1'>
        <property name='download.size' value='83081'/>
      </properties>
    </artifact>
    <artifact classifier='osgi.bundle' id='org.eclipse.ecf.provider.filetransfer' version='3.2.0.v20120610-1946'>
      <properties size='1'>
        <property name='download.size' value='127603'/>
      </properties>
    </artifact>
    <artifact classifier='osgi.bundle' id='org.eclipse.core.databinding.property' version='1.4.100.v20120523-1956'>
      <properties size='1'>
        <property name='download.size' value='169210'/>
      </properties>
    </artifact>
    <artifact classifier='osgi.bundle' id='org.eclipsetrader.ui.charts.indicators' version='1.0.0.v201301040902'>
      <properties size='1'>
        <property name='download.size' value='345323'/>
      </properties>
    </artifact>
    <artifact classifier='osgi.bundle' id='org.eclipse.equinox.p2.director.app' version='1.0.300.v20120428-0517'>
      <properties size='1'>
        <property name='download.size' value='50383'/>
      </properties>
    </artifact>
    <artifact classifier='osgi.bundle' id='org.eclipse.rcp' version='3.8.0.v201209141540'>
      <properties size='1'>
        <property name='download.size' value='13393'/>
      </properties>
    </artifact>
    <artifact classifier='osgi.bundle' id='org.eclipse.equinox.p2.director' version='2.2.0.v20120524-0542'>
      <properties size='1'>
        <property name='download.size' value='96468'/>
      </properties>
    </artifact>
    <artifact classifier='org.eclipse.update.feature' id='org.eclipsetrader.yahoo' version='1.0.0.v201301040902-7740AkF78a7QDHAaDI'>
      <properties size='1'>
        <property name='download.size' value='11361'/>
      </properties>
      <repositoryProperties size='1'>
        <property name='artifact.folder' value='true'/>
      </repositoryProperties>
    </artifact>
    <artifact classifier='org.eclipse.update.feature' id='com.tictactec.ta.lib' version='0.4.0.R20070915'>
      <properties size='1'>
        <property name='download.size' value='3153'/>
      </properties>
      <repositoryProperties size='1'>
        <property name='artifact.folder' value='true'/>
      </repositoryProperties>
    </artifact>
    <artifact classifier='osgi.bundle' id='org.eclipsetrader.platform.doc.user' version='1.0.0.v201301040902'>
      <properties size='1'>
        <property name='download.size' value='535406'/>
      </properties>
    </artifact>
    <artifact classifier='osgi.bundle' id='com.tictactec.ta.lib' version='0.4.0.R20070915'>
      <properties size='1'>
        <property name='download.size' value='258597'/>
      </properties>
    </artifact>
    <artifact classifier='osgi.bundle' id='org.apache.felix.gogo.runtime' version='0.8.0.v201108120515'>
      <properties size='1'>
        <property name='download.size' value='80002'/>
      </properties>
    </artifact>
    <artifact classifier='osgi.bundle' id='org.eclipse.equinox.jsp.jasper' version='1.0.400.v20120522-2049'>
      <properties size='1'>
        <property name='download.size' value='28281'/>
      </properties>
    </artifact>
    <artifact classifier='osgi.bundle' id='org.eclipse.core.databinding.beans' version='1.2.200.v20120523-1956'>
      <properties size='1'>
        <property name='download.size' value='76646'/>
      </properties>
    </artifact>
    <artifact classifier='osgi.bundle' id='org.eclipse.equinox.launcher' version='1.3.0.v20120522-1813'>
      <properties size='1'>
        <property name='download.size' value='49281'/>
      </properties>
    </artifact>
    <artifact classifier='osgi.bundle' id='org.eclipse.equinox.jsp.jasper.registry' version='1.0.300.v20120522-2049'>
      <properties size='1'>
        <property name='download.size' value='12357'/>
      </properties>
    </artifact>
    <artifact classifier='osgi.bundle' id='org.eclipse.equinox.p2.jarprocessor' version='1.0.200.v20110808-1657'>
      <properties size='1'>
        <property name='download.size' value='69414'/>
      </properties>
    </artifact>
    <artifact classifier='osgi.bundle' id='org.eclipse.equinox.p2.touchpoint.eclipse' version='2.1.100.v20120428-0117'>
      <properties size='1'>
        <property name='download.size' value='125383'/>
      </properties>
    </artifact>
    <artifact classifier='osgi.bundle' id='org.eclipse.equinox.frameworkadmin.equinox' version='1.0.400.v20120428-0117'>
      <properties size='1'>
        <property name='download.size' value='62583'/>
      </properties>
    </artifact>
    <artifact classifier='osgi.bundle' id='org.eclipse.help' version='3.6.0.v20120521-2344'>
      <properties size='1'>
        <property name='download.size' value='258843'/>
      </properties>
    </artifact>
    <artifact classifier='osgi.bundle' id='org.eclipse.core.contenttype' version='3.4.200.v20120523-2004'>
      <properties size='1'>
        <property name='download.size' value='93176'/>
      </properties>
    </artifact>
    <artifact classifier='osgi.bundle' id='org.eclipse.core.expressions' version='3.4.400.v20120523-2004'>
      <properties size='1'>
        <property name='download.size' value='88229'/>
      </properties>
    </artifact>
    <artifact classifier='osgi.bundle' id='org.eclipse.equinox.preferences' version='3.5.0.v20120522-1841'>
      <properties size='1'>
        <property name='download.size' value='126766'/>
      </properties>
    </artifact>
    <artifact classifier='osgi.bundle' id='org.eclipse.equinox.p2.console' version='1.0.300.v20120429-0125'>
      <properties size='1'>
        <property name='download.size' value='28274'/>
      </properties>
    </artifact>
    <artifact classifier='osgi.bundle' id='org.eclipsetrader.brokers.paper' version='1.0.0.v201301040902'>
      <properties size='1'>
        <property name='download.size' value='69840'/>
      </properties>
    </artifact>
    <artifact classifier='osgi.bundle' id='org.eclipse.jface.databinding' version='1.6.0.v20120521-2332'>
      <properties size='1'>
        <property name='download.size' value='278372'/>
      </properties>
    </artifact>
    <artifact classifier='org.eclipse.update.feature' id='org.mozilla.rhino' version='1.7.3.R20110603'>
      <properties size='1'>
        <property name='download.size' value='31038'/>
      </properties>
      <repositoryProperties size='1'>
        <property name='artifact.folder' value='true'/>
      </repositoryProperties>
    </artifact>
    <artifact classifier='osgi.bundle' id='org.eclipse.equinox.util' version='1.0.400.v20120522-2049'>
      <properties size='1'>
        <property name='download.size' value='78022'/>
      </properties>
    </artifact>
    <artifact classifier='osgi.bundle' id='javax.el' version='2.2.0.v201108011116'>
      <properties size='1'>
        <property name='download.size' value='52319'/>
      </properties>
    </artifact>
    <artifact classifier='org.eclipse.update.feature' id='org.eclipse.equinox.p2.extras.feature' version='1.1.0.v20120524-0542-7A6FEcDiVOTg1Q_HuZrEuBty3dqr'>
      <properties size='1'>
        <property name='download.size' value='31041'/>
      </properties>
      <repositoryProperties size='1'>
        <property name='artifact.folder' value='true'/>
      </repositoryProperties>
    </artifact>
    <artifact classifier='osgi.bundle' id='javax.xml.bind' version='2.1.6.20071219'>
      <properties size='1'>
        <property name='download.size' value='916138'/>
      </properties>
      <repositoryProperties size='1'>
        <property name='artifact.folder' value='true'/>
      </repositoryProperties>
    </artifact>
    <artifact classifier='osgi.bundle' id='org.eclipse.rcp.nl_it' version='4.2.0.v20121120043402'>
      <properties size='1'>
        <property name='download.size' value='1672'/>
      </properties>
    </artifact>
    <artifact classifier='osgi.bundle' id='org.apache.commons.httpclient' version='3.1.0.v200906221723'>
      <properties size='1'>
        <property name='download.size' value='312854'/>
      </properties>
    </artifact>
    <artifact classifier='osgi.bundle' id='org.eclipsetrader.repository.local' version='1.0.0.v201301040902'>
      <properties size='1'>
        <property name='download.size' value='89806'/>
      </properties>
    </artifact>
    <artifact classifier='org.eclipse.update.feature' id='org.apache.commons' version='1.0.0.v200906221723-7A60BgJ99r9cJJEhJO'>
      <properties size='1'>
        <property name='download.size' value='9911'/>
      </properties>
      <repositoryProperties size='1'>
        <property name='artifact.folder' value='true'/>
      </repositoryProperties>
    </artifact>
    <artifact classifier='osgi.bundle' id='org.eclipse.nebula.jface.cdatetime' version='0.14.0.v201301040902'>
      <properties size='1'>
        <property name='download.size' value='8776'/>
      </properties>
    </artifact>
    <artifact classifier='osgi.bundle' id='org.eclipse.equinox.p2.ui.sdk' version='1.0.200.v20120515-1650'>
      <properties size='1'>
        <property name='download.size' value='42689'/>
      </properties>
    </artifact>
    <artifact classifier='osgi.bundle' id='org.eclipse.equinox.p2.transport.ecf' version='1.0.100.v20120305-0333'>
      <properties size='1'>
        <property name='download.size' value='42015'/>
      </properties>
    </artifact>
    <artifact classifier='osgi.bundle' id='org.eclipse.equinox.p2.publisher.eclipse' version='1.1.0.v20120511-1931'>
      <properties size='1'>
        <property name='download.size' value='215184'/>
      </properties>
    </artifact>
    <artifact classifier='osgi.bundle' id='org.eclipsetrader.yahoo' version='1.0.0.v201301040902'>
      <properties size='1'>
        <property name='download.size' value='115880'/>
      </properties>
    </artifact>
    <artifact classifier='osgi.bundle' id='javax.servlet.jsp' version='2.2.0.v201112011158'>
      <properties size='1'>
        <property name='download.size' value='107235'/>
      </properties>
    </artifact>
    <artifact classifier='osgi.bundle' id='org.eclipse.jface.databinding.nl_it' version='4.2.0.v20121120043402'>
      <properties size='1'>
        <property name='download.size' value='1397'/>
      </properties>
    </artifact>
    <artifact classifier='osgi.bundle' id='org.eclipsetrader.news' version='1.0.0.v201301040902'>
      <properties size='1'>
        <property name='download.size' value='148452'/>
      </properties>
    </artifact>
    <artifact classifier='osgi.bundle' id='org.eclipse.equinox.p2.publisher' version='1.2.0.v20120428-0117'>
      <properties size='1'>
        <property name='download.size' value='105939'/>
      </properties>
    </artifact>
    <artifact classifier='osgi.bundle' id='org.eclipse.jetty.util' version='8.1.3.v20120522'>
      <properties size='1'>
        <property name='download.size' value='282738'/>
      </properties>
    </artifact>
    <artifact classifier='osgi.bundle' id='org.eclipse.core.databinding.observable.nl_it' version='4.2.0.v20121120043402'>
      <properties size='1'>
        <property name='download.size' value='1375'/>
      </properties>
    </artifact>
    <artifact classifier='osgi.bundle' id='org.eclipse.ui.net' version='1.2.101.v20120801-152207'>
      <properties size='1'>
        <property name='download.size' value='48973'/>
      </properties>
    </artifact>
    <artifact classifier='osgi.bundle' id='org.eclipse.ui.workbench' version='3.8.1.v20120816-082703-ET'>
      <properties size='1'>
        <property name='download.size' value='4173284'/>
      </properties>
    </artifact>
    <artifact classifier='osgi.bundle' id='org.eclipse.equinox.frameworkadmin' version='2.0.100.v20120606-175127'>
      <properties size='1'>
        <property name='download.size' value='36193'/>
      </properties>
    </artifact>
    <artifact classifier='osgi.bundle' id='org.eclipse.equinox.p2.operations' version='2.2.0.v20120524-0542'>
      <properties size='1'>
        <property name='download.size' value='59722'/>
      </properties>
    </artifact>
    <artifact classifier='osgi.bundle' id='org.eclipse.help.webapp' version='3.6.101.v20120717-130216'>
      <properties size='1'>
        <property name='download.size' value='609553'/>
      </properties>
    </artifact>
    <artifact classifier='osgi.bundle' id='org.eclipse.equinox.security.ui' version='1.1.100.v20120522-2049'>
      <properties size='1'>
        <property name='download.size' value='215476'/>
      </properties>
    </artifact>
    <artifact classifier='osgi.bundle' id='org.eclipse.core.contenttype.nl_it' version='4.2.0.v20121120043402'>
      <properties size='1'>
        <property name='download.size' value='2621'/>
      </properties>
    </artifact>
    <artifact classifier='osgi.bundle' id='org.eclipse.jetty.servlet' version='8.1.3.v20120522'>
      <properties size='1'>
        <property name='download.size' value='102989'/>
      </properties>
    </artifact>
    <artifact classifier='osgi.bundle' id='org.eclipse.help.appserver' version='3.1.400.v20120521-2344'>
      <properties size='1'>
        <property name='download.size' value='19532'/>
      </properties>
    </artifact>
    <artifact classifier='osgi.bundle' id='org.eclipse.core.databinding.observable' version='1.4.1.v20120521-2332'>
      <properties size='1'>
        <property name='download.size' value='297396'/>
      </properties>
    </artifact>
    <artifact classifier='osgi.bundle' id='org.eclipse.core.runtime.compatibility.auth' version='3.2.300.v20120523-2004'>
      <properties size='1'>
        <property name='download.size' value='21533'/>
      </properties>
    </artifact>
    <artifact classifier='osgi.bundle' id='org.eclipse.equinox.p2.garbagecollector' version='1.0.200.v20110808-1657'>
      <properties size='1'>
        <property name='download.size' value='26237'/>
      </properties>
    </artifact>
    <artifact classifier='osgi.bundle' id='org.mozilla.rhino' version='1.7.3.R20110603'>
      <properties size='1'>
        <property name='download.size' value='1139932'/>
      </properties>
    </artifact>
    <artifact classifier='osgi.bundle' id='org.eclipse.core.databinding.property.nl_it' version='4.2.0.v20121120043402'>
      <properties size='1'>
        <property name='download.size' value='1357'/>
      </properties>
    </artifact>
    <artifact classifier='osgi.bundle' id='com.sun.syndication' version='1.0.0.v200807162045'>
      <properties size='1'>
        <property name='download.size' value='219776'/>
      </properties>
    </artifact>
    <artifact classifier='osgi.bundle' id='org.eclipse.core.commands' version='3.6.1.v20120521-2332'>
      <properties size='1'>
        <property name='download.size' value='108735'/>
      </properties>
    </artifact>
    <artifact classifier='osgi.bundle' id='org.eclipse.equinox.http.servlet' version='1.1.300.v20120522-1841'>
      <properties size='1'>
        <property name='download.size' value='45066'/>
      </properties>
    </artifact>
    <artifact classifier='osgi.bundle' id='org.eclipse.equinox.p2.reconciler.dropins' version='1.1.200.v20120301-2145'>
      <properties size='1'>
        <property name='download.size' value='48730'/>
      </properties>
    </artifact>
    <artifact classifier='osgi.bundle' id='org.eclipse.equinox.p2.metadata.repository' version='1.2.100.v20120524-1717'>
      <properties size='1'>
        <property name='download.size' value='118141'/>
      </properties>
    </artifact>
    <artifact classifier='osgi.bundle' id='org.eclipse.nebula.cwt' version='0.9.0.v201301040902'>
      <properties size='1'>
        <property name='download.size' value='143446'/>
      </properties>
    </artifact>
    <artifact classifier='osgi.bundle' id='org.eclipse.equinox.simpleconfigurator' version='1.0.301.v20120828-033635'>
      <properties size='1'>
        <property name='download.size' value='40705'/>
      </properties>
    </artifact>
    <artifact classifier='osgi.bundle' id='org.eclipse.nebula.widgets.pshelf' version='1.0.0'>
      <properties size='1'>
        <property name='download.size' value='21644'/>
      </properties>
    </artifact>
    <artifact classifier='org.eclipse.update.feature' id='org.eclipse.help' version='1.4.1.v20120726-050831-8R7xFOUFLWUl7MoSKV_OFXl27'>
      <properties size='1'>
        <property name='download.size' value='31140'/>
      </properties>
      <repositoryProperties size='1'>
        <property name='artifact.folder' value='true'/>
      </repositoryProperties>
    </artifact>
    <artifact classifier='osgi.bundle' id='org.eclipse.ecf.ssl' version='1.0.100.v20120610-1946'>
      <properties size='1'>
        <property name='download.size' value='12773'/>
      </properties>
    </artifact>
    <artifact classifier='osgi.bundle' id='org.eclipse.core.variables' version='3.2.600.v20120521-2012'>
      <properties size='1'>
        <property name='download.size' value='34350'/>
      </properties>
    </artifact>
    <artifact classifier='osgi.bundle' id='org.eclipse.core.databinding.nl_it' version='4.2.0.v20121120043402'>
      <properties size='1'>
        <property name='download.size' value='2584'/>
      </properties>
    </artifact>
    <artifact classifier='osgi.bundle' id='org.eclipse.update.configurator' version='3.3.200.v20120523-1742'>
      <properties size='1'>
        <property name='download.size' value='101129'/>
      </properties>
    </artifact>
    <artifact classifier='osgi.bundle' id='org.eclipse.equinox.registry' version='3.5.200.v20120522-1841'>
      <properties size='1'>
        <property name='download.size' value='184236'/>
      </properties>
    </artifact>
    <artifact classifier='osgi.bundle' id='org.eclipse.jetty.server' version='8.1.3.v20120522'>
      <properties size='1'>
        <property name='download.size' value='344666'/>
      </properties>
    </artifact>
    <artifact classifier='osgi.bundle' id='org.eclipse.equinox.p2.engine' version='2.2.0.v20120501-1502'>
      <properties size='1'>
        <property name='download.size' value='197431'/>
      </properties>
    </artifact>
    <artifact classifier='osgi.bundle' id='org.eclipse.ecf.provider.filetransfer.ssl' version='1.0.0.v20120610-1946'>
      <properties size='1'>
        <property name='download.size' value='9672'/>
      </properties>
    </artifact>
    <artifact classifier='osgi.bundle' id='org.eclipse.equinox.console' version='1.0.0.v20120522-1841'>
      <properties size='1'>
        <property name='download.size' value='111187'/>
      </properties>
    </artifact>
    <artifact classifier='org.eclipse.update.feature' id='org.eclipsetrader.directa' version='1.0.0.v201301040902-2--7w312412151A13'>
      <properties size='1'>
        <property name='download.size' value='11283'/>
      </properties>
      <repositoryProperties size='1'>
        <property name='artifact.folder' value='true'/>
      </repositoryProperties>
    </artifact>
    <artifact classifier='osgi.bundle' id='org.eclipse.help.ui.nl_it' version='4.2.0.v20121120043402'>
      <properties size='1'>
        <property name='download.size' value='5699'/>
      </properties>
    </artifact>
    <artifact classifier='osgi.bundle' id='org.eclipse.help.webapp.nl_it' version='4.2.0.v20121120043402'>
      <properties size='1'>
        <property name='download.size' value='4541'/>
      </properties>
    </artifact>
    <artifact classifier='org.eclipse.update.feature' id='org.apache.log4j' version='1.2.14.v200701080905'>
      <properties size='1'>
        <property name='download.size' value='9815'/>
      </properties>
      <repositoryProperties size='1'>
        <property name='artifact.folder' value='true'/>
      </repositoryProperties>
    </artifact>
    <artifact classifier='osgi.bundle' id='org.eclipse.equinox.launcher.cocoa.macosx.x86_64' version='1.1.200.v20120522-1813'>
      <properties size='1'>
        <property name='download.size' value='31219'/>
      </properties>
      <repositoryProperties size='1'>
        <property name='artifact.folder' value='true'/>
      </repositoryProperties>
    </artifact>
    <artifact classifier='osgi.bundle' id='org.eclipse.ecf' version='3.1.300.v20120610-1946'>
      <properties size='1'>
        <property name='download.size' value='94181'/>
      </properties>
    </artifact>
  </artifacts>
</repository>
