"Code","Symbol","Industry","Board"
"0001.HK","Cheung Kong (Holdings) Ltd","Unknown","HKSE"
"0002.HK","CLP Holdings Ltd","Unknown","HKSE"
"0003.HK","Hong Kong and China Gas Co. Ltd","Unknown","HKSE"
"0004.HK","Wharf (Holdings) Ltd","Unknown","HKSE"
"0005.HK","HSBC Holdings plc","Unknown","HKSE"
"0006.HK","Power Asset Holdings","Unknown","HKSE"
"0008.HK","PCCW Ltd","Unknown","HKSE"
"0010.HK","Hang Lung Group Ltd","Unknown","HKSE"
"0011.HK","Hang Seng Bank Ltd","Unknown","HKSE"
"0012.HK","Henderson Land Development Co. Ltd","Unknown","HKSE"
"0013.HK","Hutchison Whampoa Ltd","Unknown","HKSE"
"0014.HK","Hysan Development Co. Ltd","Unknown","HKSE"
"0015.HK","Vantage International (Holdings) Ltd","Unknown","HKSE"
"0016.HK","Sun Hung Kai Properties Ltd","Unknown","HKSE"
"0017.HK","New World Development Co. Ltd","Unknown","HKSE"
"0018.HK","Oriental Press Group Ltd","Unknown","HKSE"
"0019.HK","Swire Pacific Ltd 'A'","Unknown","HKSE"
"0020.HK","Wheelock and Co. Ltd","Unknown","HKSE"
"0021.HK","Beauforte Investors Corporation Ltd","Unknown","HKSE"
"0022.HK","Mexan Ltd","Unknown","HKSE"
"0023.HK","Bank of East Asia Ltd","Unknown","HKSE"
"0024.HK","Burwill Holdings Ltd","Unknown","HKSE"
"0025.HK","Chevalier International Holdings Ltd","Unknown","HKSE"
"0026.HK","China Motor Bus Co. Ltd","Unknown","HKSE"
"0027.HK","Galaxy Entertainment Group Ltd","Unknown","HKSE"
"0028.HK","Tian An China Investments Co. Ltd","Unknown","HKSE"
"0029.HK","Dynamic Holdings Ltd","Unknown","HKSE"
"0031.HK","China Aerospace International Holdings Ltd","Unknown","HKSE"
"0032.HK","Cross-Harbour (Holdings) Ltd","Unknown","HKSE"
"0033.HK","Elec & Eltek International Holdings Ltd","Unknown","HKSE"
"0034.HK","Kowloon Development Co. Ltd","Unknown","HKSE"
"0035.HK","Far East Consortium International Ltd","Unknown","HKSE"
"0037.HK","Far East Hotels & Entertainment Ltd","Unknown","HKSE"
"0038.HK","First Tractor Co Ltd","Unknown","HKSE"
"0039.HK","Wealthmark International (Holdings) Ltd","Unknown","HKSE"
"0040.HK","Gold Peak Industries (Holdings) Ltd","Unknown","HKSE"
"0041.HK","Great Eagle Holdings Ltd","Unknown","HKSE"
"0042.HK","Northeast Electric Development Co. Ltd","Unknown","HKSE"
"0043.HK","C. P. Pokphand Co. Ltd","Unknown","HKSE"
"0044.HK","HAECO","Unknown","HKSE"
"0045.HK","Hongkong and Shanghai Hotels Ltd","Unknown","HKSE"
"0046.HK","Computer And Technologies Holdings Ltd","Unknown","HKSE"
"0047.HK","Hop Hing Holdings Ltd","Unknown","HKSE"
"0050.HK","Hong Kong Ferry (Holdings) Co. Ltd","Unknown","HKSE"
"0051.HK","Harbour Centre Development Ltd","Unknown","HKSE"
"0052.HK","Fairwood Holdings Ltd","Unknown","HKSE"
"0053.HK","Guoco Group Ltd","Unknown","HKSE"
"0054.HK","Hopewell Holdings Ltd","Unknown","HKSE"
"0055.HK","Chung Tai Printing Holdings Ltd","Unknown","HKSE"
"0056.HK","Allied Properties (HK) Ltd","Unknown","HKSE"
"0057.HK","Chen Hsong Holdings Ltd","Unknown","HKSE"
"0060.HK","Four Seas Food Investment Holdings Ltd","Unknown","HKSE"
"0062.HK","Transport International Holdings Ltd","Unknown","HKSE"
"0063.HK","Winfoong International Ltd","Unknown","HKSE"
"0064.HK","Get Nice Holdings Ltd","Unknown","HKSE"
"0065.HK","Pacific Century Insurance Holdings Ltd","Unknown","HKSE"
"0066.HK","MTR Corporation Ltd","Unknown","HKSE"
"0067.HK","Lumena Resources","Unknown","HKSE"
"0069.HK","Shangri-La Asia Ltd","Unknown","HKSE"
"0070.HK","Massive Resources International Corporation Ltd","Unknown","HKSE"
"0071.HK","Miramar Hotel & Investment Co. Ltd","Unknown","HKSE"
"0072.HK","King Pacific International Holdings Ltd","Unknown","HKSE"
"0073.HK","Alpha General (holdings)","Unknown","HKSE"
"0074.HK","Great Wall Technology Co. Ltd","Unknown","HKSE"
"0075.HK","Y. T. Realty Group Ltd","Unknown","HKSE"
"0076.HK","South Sea Petroleum Holdings Ltd","Unknown","HKSE"
"0077.HK","AMS Public Transport Holdings Ltd","Unknown","HKSE"
"0078.HK","Regal Hotels International Holdings Ltd","Unknown","HKSE"
"0079.HK","Century Legend (Holdings) Ltd","Unknown","HKSE"
"0080.HK","Shaw Brothers (Hong Kong) Ltd","Unknown","HKSE"
"0081.HK","Shell Electric Mfg (Holdings) Co. Ltd","Unknown","HKSE"
"0082.HK","Yanion International Holdings Ltd","Unknown","HKSE"
"0083.HK","Sino Land Co. Ltd","Unknown","HKSE"
"0084.HK","Stelux Holdings International Ltd","Unknown","HKSE"
"0085.HK","China Electronics Corporation Holdings Co. Ltd","Unknown","HKSE"
"0086.HK","Sun Hung Kai & Co. Ltd","Unknown","HKSE"
"0087.HK","Swire Pacific Ltd 'B'","Unknown","HKSE"
"0088.HK","Tai Cheung Holdings Ltd","Unknown","HKSE"
"0089.HK","Tai Sang Land Development Ltd","Unknown","HKSE"
"0090.HK","Gold Wo International Holdings","Unknown","HKSE"
"0091.HK","New Smart Holdings Ltd","Unknown","HKSE"
"0092.HK","Champion Technology Holdings Ltd","Unknown","HKSE"
"0093.HK","Termbray Industries International (Holdings) Ltd","Unknown","HKSE"
"0094.HK","Omnicorp Ltd","Unknown","HKSE"
"0096.HK","Wing Lung Bank Ltd","Unknown","HKSE"
"0097.HK","Henderson Investment Ltd","Unknown","HKSE"
"0098.HK","Xingfa Aluminium Holdings Ltd","Unknown","HKSE"
"0099.HK","Wong's International (Holdings) Ltd","Unknown","HKSE"
"0100.HK","Clear Media Ltd","Unknown","HKSE"
"0101.HK","Hang Lung Properties Ltd","Unknown","HKSE"
"0103.HK","Shougang Concord Century Holdings Ltd","Unknown","HKSE"
"0105.HK","Associated International Hotels Ltd","Unknown","HKSE"
"0106.HK","Shenzhen High-Tech Holdings Ltd","Unknown","HKSE"
"0107.HK","Sichuan Expressway Co. Ltd","Unknown","HKSE"
"0109.HK","Wonderful World Holdings Ltd","Unknown","HKSE"
"0110.HK","Fortune Telecom Holdings Ltd","Unknown","HKSE"
"0111.HK","Hantec Investment Holdings Ltd","Unknown","HKSE"
"0112.HK","Chi Cheung Investment Co. Ltd","Unknown","HKSE"
"0113.HK","Dickson Concepts (International) Ltd","Unknown","HKSE"
"0114.HK","Herald Holdings Ltd","Unknown","HKSE"
"0116.HK","Chow Sang Sang Holdings International Ltd","Unknown","HKSE"
"0117.HK","EYANG Holdings Group Ltd","Unknown","HKSE"
"0118.HK","Cosmos Machinery Enterprises Ltd","Unknown","HKSE"
"0119.HK","Poly (Hong Kong) Investments Ltd","Unknown","HKSE"
"0120.HK","Cosmopolitan International Holdings Ltd","Unknown","HKSE"
"0121.HK","Chia Tai Enterprises International Ltd","Unknown","HKSE"
"0122.HK","Crocodile Garments Ltd","Unknown","HKSE"
"0123.HK","Yuexiu Property","Unknown","HKSE"
"0124.HK","Kingway Brewery Holdings Ltd","Unknown","HKSE"
"0125.HK","Sun Hing Vision Group Holdings Ltd","Unknown","HKSE"
"0126.HK","Tak Sing Alliance Holdings Ltd","Unknown","HKSE"
"0127.HK","Chinese Estates Holdings Ltd","Unknown","HKSE"
"0128.HK","ENM Holdings Ltd","Unknown","HKSE"
"0129.HK","Asia Standard International Group Ltd","Unknown","HKSE"
"0130.HK","Moiselle International Holdings Ltd","Unknown","HKSE"
"0131.HK","Cheuk Nang (Holdings) Ltd","Unknown","HKSE"
"0132.HK","China Investments Holdings Ltd","Unknown","HKSE"
"0133.HK","China Merchants China Direct Investments Ltd","Unknown","HKSE"
"0135.HK","Kunlun Energy","Unknown","HKSE"
"0137.HK","Jinhui Holdings Co. Ltd","Unknown","HKSE"
"0138.HK","CCT Telecom Holdings Ltd","Unknown","HKSE"
"0139.HK","139 Holdings Ltd","Unknown","HKSE"
"0141.HK","Great China Holdings Ltd","Unknown","HKSE"
"0142.HK","First Pacific Co. Ltd","Unknown","HKSE"
"0143.HK","Global Tech (Holdings) Ltd","Unknown","HKSE"
"0144.HK","China Merchants Holdings (International) Co. Ltd","Unknown","HKSE"
"0146.HK","Tai Ping Carpets International Ltd","Unknown","HKSE"
"0148.HK","Kingboard Chemical Holdings Ltd","Unknown","HKSE"
"0151.HK","Want Want China Holdings Ltd","Unknown","HKSE"
"0152.HK","Shenzhen International Holdings Ltd","Unknown","HKSE"
"0154.HK","Beijing Development (Hong Kong) Ltd","Unknown","HKSE"
"0155.HK","China Solar Energy Holdings Ltd","Unknown","HKSE"
"0156.HK","Lippo China Resources Ltd","Unknown","HKSE"
"0157.HK","Natural Beauty Bio-Technology Ltd","Unknown","HKSE"
"0158.HK","Melbourne Enterprises Ltd","Unknown","HKSE"
"0159.HK","Wah Nam International Holdings Ltd","Unknown","HKSE"
"0160.HK","Hon Kwok Land Investment Co. Ltd","Unknown","HKSE"
"0161.HK","CATIC Shenzhen Holdings Ltd","Unknown","HKSE"
"0162.HK","China Golden Development Holdings Ltd","Unknown","HKSE"
"0163.HK","Emperor International Holdings Ltd","Unknown","HKSE"
"0165.HK","China Everbright Ltd","Unknown","HKSE"
"0166.HK","New Times Group Holdings Ltd","Unknown","HKSE"
"0167.HK","IDT International Ltd","Unknown","HKSE"
"0168.HK","Tsingtao Brewery Co. Ltd","Unknown","HKSE"
"0169.HK","China Fair Land Holdings Ltd","Unknown","HKSE"
"0171.HK","Silver Grant International Industries Ltd","Unknown","HKSE"
"0172.HK","Goldbond Group Holdings Ltd","Unknown","HKSE"
"0173.HK","K. Wah International Holdings Ltd","Unknown","HKSE"
"0174.HK","Kee Shing (Holdings) Ltd","Unknown","HKSE"
"0175.HK","Geely Automobile Holdings Ltd","Unknown","HKSE"
"0176.HK","United Pacific Industries Ltd","Unknown","HKSE"
"0177.HK","Jiangsu Expressway Co. Ltd","Unknown","HKSE"
"0178.HK","Sa Sa International Holdings Ltd","Unknown","HKSE"
"0179.HK","Johnson Electric Holdings Ltd","Unknown","HKSE"
"0180.HK","Kader Holdings Co. Ltd","Unknown","HKSE"
"0182.HK","China WindPower Group Ltd","Unknown","HKSE"
"0183.HK","CITIC International Financial Holdings Ltd","Unknown","HKSE"
"0184.HK","Keck Seng Investments (Hong Kong) Ltd","Unknown","HKSE"
"0185.HK","China Credit Holdings Ltd","Unknown","HKSE"
"0188.HK","SW Kingsway Capital Holdings Ltd","Unknown","HKSE"
"0189.HK","Dongyue Group Ltd","Unknown","HKSE"
"0190.HK","Hong Kong Construction (Holdings) Ltd","Unknown","HKSE"
"0191.HK","Lai Sun Garment (International) Ltd","Unknown","HKSE"
"0193.HK","Capital Estate Ltd","Unknown","HKSE"
"0194.HK","Liu Chong Hing Investment Ltd","Unknown","HKSE"
"0195.HK","Grand Hotel Holdings A","Unknown","HKSE"
"0196.HK","Honghua Group Ltd","Unknown","HKSE"
"0197.HK","Heng Tai Consumables Group Ltd","Unknown","HKSE"
"0198.HK","SMI Corporation Ltd","Unknown","HKSE"
"0199.HK","Macau Prime Properties Holdings Ltd","Unknown","HKSE"
"0200.HK","Melco International Development Ltd","Unknown","HKSE"
"0201.HK","Magnificent Estates Ltd","Unknown","HKSE"
"0202.HK","Interchina Holdings Co. Ltd","Unknown","HKSE"
"0205.HK","SEEC Media Group Ltd","Unknown","HKSE"
"0206.HK","ITC Corporation Ltd - Preference","Unknown","HKSE"
"0208.HK","Polytec Asset Holdings Ltd","Unknown","HKSE"
"0210.HK","Daphne International","Unknown","HKSE"
"0212.HK","Nanyang Holdings Ltd","Unknown","HKSE"
"0213.HK","National Electronics Holdings Ltd","Unknown","HKSE"
"0214.HK","Asia Orient Holdings Ltd","Unknown","HKSE"
"0215.HK","Hutchison Telecommunications","Unknown","HKSE"
"0216.HK","Chinney Investments Ltd","Unknown","HKSE"
"0217.HK","China Chengtong Development Group Ltd","Unknown","HKSE"
"0218.HK","Shenyin Wanguo (H.K.) Ltd","Unknown","HKSE"
"0219.HK","Shun Ho Technology Holdings Ltd","Unknown","HKSE"
"0220.HK","Uni-President China Holdings Ltd","Unknown","HKSE"
"0221.HK","LeRoi Holdings Ltd","Unknown","HKSE"
"0222.HK","Min Xin Holdings Ltd","Unknown","HKSE"
"0225.HK","Pokfulam Development Co. Ltd","Unknown","HKSE"
"0226.HK","Lippo Ltd","Unknown","HKSE"
"0227.HK","First Shanghai Investments Ltd","Unknown","HKSE"
"0228.HK","Hon Po Group (Lobster King) Ltd","Unknown","HKSE"
"0229.HK","Raymond Industrial Ltd","Unknown","HKSE"
"0230.HK","Minmetals Land","Unknown","HKSE"
"0231.HK","Dynamic Global Holdings Ltd","Unknown","HKSE"
"0232.HK","AVIC International","Unknown","HKSE"
"0233.HK","Mingyuan Medicare Development Co. Ltd","Unknown","HKSE"
"0234.HK","New Century Group Hong Kong Ltd","Unknown","HKSE"
"0235.HK","China Strategic Holdings Ltd","Unknown","HKSE"
"0236.HK","San Miguel Brewery Hong Kong Ltd","Unknown","HKSE"
"0237.HK","Safety Godown Co. Ltd","Unknown","HKSE"
"0238.HK","Lei Shing Hong Ltd","Unknown","HKSE"
"0239.HK","Pak Fah Yeow International Ltd","Unknown","HKSE"
"0240.HK","Build King Holdings Ltd","Unknown","HKSE"
"0241.HK","CITIC 21CN Co. Ltd","Unknown","HKSE"
"0242.HK","Shun Tak Holdings Ltd","Unknown","HKSE"
"0243.HK","QPL International Holdings Ltd","Unknown","HKSE"
"0244.HK","Sincere Co. Ltd","Unknown","HKSE"
"0245.HK","Landune International Ltd","Unknown","HKSE"
"0248.HK","HKC International Holdings Ltd","Unknown","HKSE"
"0250.HK","Sino-i Technology Ltd","Unknown","HKSE"
"0251.HK","S E A Holdings Ltd","Unknown","HKSE"
"0253.HK","Shun Ho Resources Holdings Ltd","Unknown","HKSE"
"0254.HK","eCyberChina Holdings Ltd","Unknown","HKSE"
"0255.HK","Lung Kee (Bermuda) Holdings Ltd","Unknown","HKSE"
"0256.HK","China Haidian Holdings Ltd","Unknown","HKSE"
"0257.HK","China Everbright International Ltd","Unknown","HKSE"
"0258.HK","Tomson Group Ltd","Unknown","HKSE"
"0259.HK","Yeebo (International Holdings) Ltd","Unknown","HKSE"
"0260.HK","Sino Gas Group Ltd","Unknown","HKSE"
"0261.HK","CCT Tech International Ltd","Unknown","HKSE"
"0262.HK","Deson Development International Holdings Ltd","Unknown","HKSE"
"0263.HK","Poly Investments Holdings Ltd","Unknown","HKSE"
"0267.HK","CITIC Pacific Ltd","Unknown","HKSE"
"0268.HK","Kingdee International Software Group Co. Ltd","Unknown","HKSE"
"0269.HK","Seapower Resources International Ltd","Unknown","HKSE"
"0270.HK","Guangdong Investment Ltd","Unknown","HKSE"
"0271.HK","Dan Form Holdings Co. Ltd","Unknown","HKSE"
"0272.HK","Shui On Land","Unknown","HKSE"
"0273.HK","Willie International Holdings Ltd","Unknown","HKSE"
"0275.HK","Hanny Holdings Ltd","Unknown","HKSE"
"0276.HK","Mongolia Energy","Unknown","HKSE"
"0279.HK","Freeman Corporation Ltd","Unknown","HKSE"
"0280.HK","King Fook Holdings Ltd","Unknown","HKSE"
"0281.HK","Rivera (Holdings) Ltd","Unknown","HKSE"
"0282.HK","Next Media Ltd","Unknown","HKSE"
"0283.HK","Matsunichi Communication Holdings Ltd","Unknown","HKSE"
"0285.HK","BYD Electronic International Company Ltd","Unknown","HKSE"
"0286.HK","G-Prop (Holdings) Ltd","Unknown","HKSE"
"0289.HK","Wing On Company International Ltd","Unknown","HKSE"
"0290.HK","China Conservational Power Holdings Ltd","Unknown","HKSE"
"0291.HK","China Resources Enterprise Ltd","Unknown","HKSE"
"0292.HK","Asia Standard Hotel Group Ltd","Unknown","HKSE"
"0293.HK","Cathay Pacific Airways Ltd","Unknown","HKSE"
"0294.HK","Yangtzekiang Garment Ltd","Unknown","HKSE"
"0295.HK","Kong Sun Holdings Ltd","Unknown","HKSE"
"0297.HK","Sinofert Holdings Ltd","Unknown","HKSE"
"0298.HK","Chuang's China Investments Ltd","Unknown","HKSE"
"0300.HK","Shenji Group Kunming Machine","Unknown","HKSE"
"0302.HK","Wing Hang Bank Ltd","Unknown","HKSE"
"0303.HK","VTech Holdings Ltd","Unknown","HKSE"
"0305.HK","Magnum International Holdings Ltd","Unknown","HKSE"
"0306.HK","Kwoon Chung Bus Holdings Ltd","Unknown","HKSE"
"0307.HK","Tidetime Sun (Group) Ltd","Unknown","HKSE"
"0308.HK","China Travel International Investment Hong Kong Ltd","Unknown","HKSE"
"0310.HK","Prosperity Investment Holdings Ltd","Unknown","HKSE"
"0311.HK","Luen Thai Holdings Ltd","Unknown","HKSE"
"0315.HK","SmarTone Telecommunications Holdings Ltd","Unknown","HKSE"
"0316.HK","Orient Overseas (International) Ltd","Unknown","HKSE"
"0317.HK","Guangzhou Shipyard International Co. Ltd","Unknown","HKSE"
"0318.HK","Vongroup Ltd","Unknown","HKSE"
"0319.HK","China Metal International Holdings Inc.","Unknown","HKSE"
"0320.HK","Computime Group Ltd","Unknown","HKSE"
"0321.HK","Texwinca Holdings Ltd","Unknown","HKSE"
"0322.HK","Tingyi (Cayman Islands) Holdings Corp.","Unknown","HKSE"
"0323.HK","Maanshan Iron & Steel Co. Ltd","Unknown","HKSE"
"0325.HK","Sinopec Beijing Yanhua Petrochem Coltd","Unknown","HKSE"
"0327.HK","Shanxi Central Pharmaceutical Intl Ltd","Unknown","HKSE"
"0328.HK","Alco Holdings Ltd","Unknown","HKSE"
"0330.HK","Esprit Holdings Ltd","Unknown","HKSE"
"0331.HK","China Resources Peoples Telephone","Unknown","HKSE"
"0332.HK","Ngai Lik Industrial Holdings Ltd","Unknown","HKSE"
"0333.HK","Top Form International Ltd","Unknown","HKSE"
"0335.HK","Upbest Group Ltd","Unknown","HKSE"
"0336.HK","Huabao International Holdings Ltd","Unknown","HKSE"
"0337.HK","Cec International Holdings Ltd W0309","Unknown","HKSE"
"0338.HK","Sinopec Shanghai Petrochemical Co. Ltd","Unknown","HKSE"
"0341.HK","Cafe de Coral Holdings Ltd","Unknown","HKSE"
"0342.HK","NewOcean Energy Holdings Ltd","Unknown","HKSE"
"0343.HK","Culturecom Holdings Ltd","Unknown","HKSE"
"0345.HK","Vitasoy International Holdings Ltd","Unknown","HKSE"
"0346.HK","Sino Union Petroleum & Chemical International Ltd","Unknown","HKSE"
"0347.HK","Angang New Steel Co. Ltd","Unknown","HKSE"
"0348.HK","Lung Cheong International Holdings Ltd","Unknown","HKSE"
"0350.HK","Jingwei Textile Machinery Co. Ltd","Unknown","HKSE"
"0351.HK","Asia Energy Logistics","Unknown","HKSE"
"0352.HK","Fortune Sun (China) Holdings Ltd","Unknown","HKSE"
"0354.HK","Chinasoft International Ltd","Unknown","HKSE"
"0355.HK","Century City International Holdings Ltd","Unknown","HKSE"
"0357.HK","Hainan Meilan International Airport Co. Ltd","Unknown","HKSE"
"0358.HK","Jiangxi Copper Co. Ltd","Unknown","HKSE"
"0359.HK","China Haisheng Juice Holdings Co. Ltd","Unknown","HKSE"
"0360.HK","New Focus Auto Tech Holdings Ltd","Unknown","HKSE"
"0361.HK","Sino Golf Holdings Ltd","Unknown","HKSE"
"0362.HK","Daqing Petroleum and Chemical Group Ltd","Unknown","HKSE"
"0363.HK","Shanghai Industrial Holdings Ltd","Unknown","HKSE"
"0364.HK","Huafeng Textile International Group Ltd","Unknown","HKSE"
"0365.HK","Sun East Technology (Holdings) Ltd","Unknown","HKSE"
"0366.HK","Luks Industrial (Group) Ltd","Unknown","HKSE"
"0367.HK","Chuang's Consortium International Ltd","Unknown","HKSE"
"0368.HK","Sinotrans Shipping Ltd","Unknown","HKSE"
"0369.HK","USI Holdings Ltd","Unknown","HKSE"
"0370.HK","China Best Group Holding Ltd","Unknown","HKSE"
"0371.HK","Shang Hua Holdings Ltd","Unknown","HKSE"
"0372.HK","ITC Corporation Ltd","Unknown","HKSE"
"0373.HK","Allied Group Ltd","Unknown","HKSE"
"0374.HK","Four Seas Mercantile Holdings Ltd","Unknown","HKSE"
"0375.HK","YGM Trading Ltd","Unknown","HKSE"
"0377.HK","New Island Printing Holdings Ltd","Unknown","HKSE"
"0379.HK","PME Group Ltd","Unknown","HKSE"
"0381.HK","Kiu Hung International Holdings Ltd","Unknown","HKSE"
"0382.HK","Welling","Unknown","HKSE"
"0383.HK","COL Capital Ltd","Unknown","HKSE"
"0384.HK","China Gas Holdings Ltd","Unknown","HKSE"
"0385.HK","Chinney Alliance Group Ltd","Unknown","HKSE"
"0386.HK","Sinopec","Unknown","HKSE"
"0387.HK","Leeport (Holdings) Ltd","Unknown","HKSE"
"0388.HK","Hong Kong Exchanges and Clearing Ltd","Unknown","HKSE"
"0389.HK","Moulin Global Eyecare Holdings Ltd","Unknown","HKSE"
"0390.HK","China Railway Group Ltd","Unknown","HKSE"
"0391.HK","Mei Ah Entertainment Group Ltd","Unknown","HKSE"
"0392.HK","Beijing Enterprises Holdings Ltd","Unknown","HKSE"
"0393.HK","Glorious Sun Enterprises Ltd","Unknown","HKSE"
"0395.HK","Asia Zirconium Ltd","Unknown","HKSE"
"0397.HK","Town Health Medical Technology Holdings Co. Ltd","Unknown","HKSE"
"0398.HK","Oriental Watch Holdings Ltd","Unknown","HKSE"
"0399.HK","Far East Pharmaceutical Technology Co. Ltd","Unknown","HKSE"
"0403.HK","Starlite Holdings Ltd","Unknown","HKSE"
"0404.HK","Hsin Chong Construction Group Ltd","Unknown","HKSE"
"0405.HK","GZI Real Estate Investment Trust","Unknown","HKSE"
"0406.HK","Yau Lee Holdings Ltd","Unknown","HKSE"
"0408.HK","Yip's Chemical Holdings Ltd","Unknown","HKSE"
"0410.HK","SOHO China Ltd","Unknown","HKSE"
"0412.HK","Heritage International Holdings Ltd","Unknown","HKSE"
"0413.HK","South China Industries Ltd","Unknown","HKSE"
"0417.HK","Tse Sui Luen Jewellery (International) Ltd","Unknown","HKSE"
"0418.HK","Founder Holdings Ltd","Unknown","HKSE"
"0420.HK","Fountain Set (Holdings) Ltd","Unknown","HKSE"
"0422.HK","Vietnam Manufacturing and Export Processing Ltd","Unknown","HKSE"
"0423.HK","Hong Kong Economic Times Holdings Ltd","Unknown","HKSE"
"0425.HK","Minth Group Ltd","Unknown","HKSE"
"0426.HK","One Media Group Ltd","Unknown","HKSE"
"0430.HK","Oriental Explorer Holdings Ltd","Unknown","HKSE"
"0431.HK","Greater China Holdings Ltd","Unknown","HKSE"
"0433.HK","Sun Man Tai Holdings Co. Ltd","Unknown","HKSE"
"0435.HK","Sunlight Real Estate Investment Trust","Unknown","HKSE"
"0438.HK","IRICO Group Electronics Co. Ltd","Unknown","HKSE"
"0440.HK","Dah Sing Financial Holdings Ltd","Unknown","HKSE"
"0444.HK","Sincere Watch (Hong Kong) Ltd","Unknown","HKSE"
"0445.HK","China Fire Safety Enterprise Group Holdings Ltd","Unknown","HKSE"
"0449.HK","Chigo Holding Ltd","Unknown","HKSE"
"0450.HK","Hung Hing Printing Group Ltd","Unknown","HKSE"
"0451.HK","Same Time Holdings Ltd","Unknown","HKSE"
"0455.HK","Yunnan Enterprises Holdings Ltd","Unknown","HKSE"
"0458.HK","Tristate Holdings Ltd","Unknown","HKSE"
"0459.HK","Midland ICI Ltd","Unknown","HKSE"
"0460.HK","Sihuan Pharmaceutical Holdings Group Ltd","Unknown","HKSE"
"0464.HK","Kenford Group Holdings Ltd","Unknown","HKSE"
"0465.HK","Ford Motor Credit Co. 7.2% Notes 2007","Unknown","HKSE"
"0467.HK","United Energy","Unknown","HKSE"
"0468.HK","Greatview Aseptic Packaging Company Ltd","Unknown","HKSE"
"0469.HK","General Motors Acceptance Corp 1000n0207","Unknown","HKSE"
"0472.HK","MACRO-LINK International Holdings Ltd","Unknown","HKSE"
"0474.HK","Winbox International (Holdings) Ltd","Unknown","HKSE"
"0475.HK","Noble Jewelry Holdings Ltd","Unknown","HKSE"
"0477.HK","AUPU Group Holding Co. Ltd.  ","Unknown","HKSE"
"0480.HK","HKR International Ltd","Unknown","HKSE"
"0482.HK","Sandmartin International Holdings Ltd","Unknown","HKSE"
"0483.HK","Bauhaus International (Holdings) Ltd","Unknown","HKSE"
"0485.HK","Starlight International Holdings Ltd","Unknown","HKSE"
"0486.HK","RUSAL","Unknown","HKSE"
"0487.HK","Macau Success Ltd","Unknown","HKSE"
"0488.HK","Lai Sun Development Co. Ltd","Unknown","HKSE"
"0489.HK","Dongfeng Motor Group Co. Ltd","Unknown","HKSE"
"0491.HK","See Corporation Ltd","Unknown","HKSE"
"0493.HK","GOME Electrical Appliances Holding Ltd","Unknown","HKSE"
"0494.HK","Li & Fung Ltd","Unknown","HKSE"
"0496.HK","Kasen International Holdings Ltd","Unknown","HKSE"
"0497.HK","Capital Strategic Investment Ltd","Unknown","HKSE"
"0498.HK","PYI Corporation Ltd","Unknown","HKSE"
"0500.HK","DVN (Holdings) Ltd","Unknown","HKSE"
"0503.HK","China Paradise Electronics Retail Ltd","Unknown","HKSE"
"0505.HK","Xingye Copper International Group Ltd","Unknown","HKSE"
"0506.HK","China Foods","Unknown","HKSE"
"0508.HK","Chevalier iTech Holdings Ltd","Unknown","HKSE"
"0509.HK","Lg China Fund","Unknown","HKSE"
"0510.HK","Cash Financial Services Ltd","Unknown","HKSE"
"0511.HK","Television Broadcasts Ltd","Unknown","HKSE"
"0512.HK","MAXX Bioscience Holdings Ltd","Unknown","HKSE"
"0513.HK","Continental Holdings Ltd","Unknown","HKSE"
"0515.HK","TC Interconnect Holdings Ltd","Unknown","HKSE"
"0517.HK","COSCO International Holdings Ltd","Unknown","HKSE"
"0518.HK","Tungtex (Holdings) Co. Ltd","Unknown","HKSE"
"0519.HK","Applied International Holdings Ltd","Unknown","HKSE"
"0521.HK","Shougang Concord Technology Holdings Ltd","Unknown","HKSE"
"0522.HK","ASM Pacific Technology Ltd","Unknown","HKSE"
"0524.HK","e-Kong Group Ltd","Unknown","HKSE"
"0525.HK","Guangshen Railway Co. Ltd","Unknown","HKSE"
"0526.HK","Magician Industries (Holdings) Ltd","Unknown","HKSE"
"0528.HK","General Motors Acceptance Corp 100 N0207","Unknown","HKSE"
"0529.HK","SiS International Holdings Ltd","Unknown","HKSE"
"0530.HK","Fortuna International Holdings Ltd","Unknown","HKSE"
"0531.HK","Samson Holding Ltd","Unknown","HKSE"
"0533.HK","Goldlion Holdings Ltd","Unknown","HKSE"
"0536.HK","Tradelink Electronic Commerce Ltd","Unknown","HKSE"
"0538.HK","Ajisen (China) Holdings Ltd","Unknown","HKSE"
"0539.HK","Victory City International Holdings Ltd","Unknown","HKSE"
"0543.HK","Pacific Online Ltd","Unknown","HKSE"
"0544.HK","Daido Group Ltd","Unknown","HKSE"
"0546.HK","Fufeng Group Ltd.  ","Unknown","HKSE"
"0547.HK","Sun Innovation Holdings Ltd","Unknown","HKSE"
"0548.HK","Shenzhen Expressway Co. Ltd","Unknown","HKSE"
"0549.HK","Jilin Qifeng Chemical Fiber Co. Ltd","Unknown","HKSE"
"0550.HK","Recruit Holdings","Unknown","HKSE"
"0551.HK","Yue Yuen Industrial (Holdings) Ltd","Unknown","HKSE"
"0552.HK","China Communications Services","Unknown","HKSE"
"0553.HK","Nanjing Panda Electronic Co. Ltd","Unknown","HKSE"
"0554.HK","Hans Energy Co. Ltd","Unknown","HKSE"
"0555.HK","REXCAPITAL Financial Holdings Ltd","Unknown","HKSE"
"0556.HK","Pan Asia Environmental Protection Group Ltd","Unknown","HKSE"
"0557.HK","City e-Solutions Ltd","Unknown","HKSE"
"0558.HK","L.K. Technology Holdings Ltd.","Unknown","HKSE"
"0559.HK","Hua Yi Copper Holdings Ltd","Unknown","HKSE"
"0560.HK","Chu Kong Shipping Development Co. Ltd","Unknown","HKSE"
"0563.HK","Neo-China Group (Holdings) Ltd","Unknown","HKSE"
"0565.HK","Art Textile Technology International Co. Ltd","Unknown","HKSE"
"0566.HK","RBI Holdings Ltd","Unknown","HKSE"
"0567.HK","Daisho Microline Holdings Ltd","Unknown","HKSE"
"0568.HK","Shandong Molong Petroleum Machinery Co. Ltd","Unknown","HKSE"
"0569.HK","Kith Holdings W0406","Unknown","HKSE"
"0570.HK","Wing Shan International Ltd","Unknown","HKSE"
"0571.HK","eSun Holdings Ltd","Unknown","HKSE"
"0573.HK","Hanny Holdings W0204","Unknown","HKSE"
"0575.HK","Regent Pacific Group Ltd","Unknown","HKSE"
"0576.HK","Zhejiang Expressway Co. Ltd","Unknown","HKSE"
"0579.HK","Beijing Jingneng Clean Energy","Unknown","HKSE"
"0580.HK","Sun.King Power Electronics Group Ltd","Unknown","HKSE"
"0581.HK","China Oriental Group Co. Ltd","Unknown","HKSE"
"0583.HK","SCMP Group Ltd","Unknown","HKSE"
"0585.HK","Imagi International Holdings Ltd","Unknown","HKSE"
"0587.HK","Hua Han Bio-Pharmaceutical Holdings Ltd","Unknown","HKSE"
"0588.HK","Beijing North Star Co. Ltd","Unknown","HKSE"
"0589.HK","Ports Design Ltd","Unknown","HKSE"
"0590.HK","Luk Fook Holdings (International) Ltd","Unknown","HKSE"
"0592.HK","Bossini International Holdings Ltd","Unknown","HKSE"
"0593.HK","Quality HealthCare Asia Ltd","Unknown","HKSE"
"0595.HK","AV Concept Holdings Ltd","Unknown","HKSE"
"0596.HK","China Online (bermuda) Ltd W0306","Unknown","HKSE"
"0598.HK","Sinotrans Ltd","Unknown","HKSE"
"0600.HK","Honesty Treasure International Holdings Ltd","Unknown","HKSE"
"0601.HK","Group Sense (International) Ltd","Unknown","HKSE"
"0602.HK","Kingboard Chemical Holdings Ltd W0312","Unknown","HKSE"
"0603.HK","Nippon Asia Investments Holdings Ltd","Unknown","HKSE"
"0604.HK","Shenzhen Investment Ltd","Unknown","HKSE"
"0606.HK","China Agri-Industries","Unknown","HKSE"
"0608.HK","High Fashion International Ltd","Unknown","HKSE"
"0609.HK","Qpl International Holdings Ltd W0401","Unknown","HKSE"
"0610.HK","Wai Kee Holdings Ltd","Unknown","HKSE"
"0613.HK","Yugang International Ltd","Unknown","HKSE"
"0616.HK","Easyknit Enterprises Holdings Ltd","Unknown","HKSE"
"0617.HK","Paliburg Holdings Ltd","Unknown","HKSE"
"0618.HK","EC-Founder (Holdings) Co. Ltd","Unknown","HKSE"
"0619.HK","South China Brokerage Co. Ltd","Unknown","HKSE"
"0620.HK","UDL Holdings Ltd","Unknown","HKSE"
"0622.HK","Enerchina Holdings Ltd","Unknown","HKSE"
"0623.HK","SNP Leefung Holdings Ltd","Unknown","HKSE"
"0626.HK","Public Financial Holdings Ltd","Unknown","HKSE"
"0628.HK","Teem Foundation Group Ltd","Unknown","HKSE"
"0629.HK","Yue Da Holdings Ltd","Unknown","HKSE"
"0630.HK","Jackin International Holdings Ltd","Unknown","HKSE"
"0631.HK","Wing Shing International Holdings Ltd Warrants 2007","Unknown","HKSE"
"0632.HK","China Merchants DiChain (Asia) Ltd","Unknown","HKSE"
"0633.HK","China All Access","Unknown","HKSE"
"0635.HK","Playmates Holdings Ltd","Unknown","HKSE"
"0637.HK","Lee Kee Holdings Ltd","Unknown","HKSE"
"0639.HK","Fushan International Energy Group Ltd","Unknown","HKSE"
"0640.HK","Harmony Asset W0205","Unknown","HKSE"
"0643.HK","Carry Wealth Holdings Ltd","Unknown","HKSE"
"0645.HK","KTP Holdings Ltd","Unknown","HKSE"
"0646.HK","Yardway Group Ltd","Unknown","HKSE"
"0647.HK","Joyce Boutique Holdings Ltd","Unknown","HKSE"
"0651.HK","Wonson International Holdings Ltd","Unknown","HKSE"
"0653.HK","Bonjour Holdings Ltd","Unknown","HKSE"
"0655.HK","Hongkong Chinese Ltd","Unknown","HKSE"
"0656.HK","Fosun International","Unknown","HKSE"
"0658.HK","China High Speed Transmission Equipment Group Ltd","Unknown","HKSE"
"0659.HK","NWS Holdings Ltd","Unknown","HKSE"
"0660.HK","Nority International Group Ltd","Unknown","HKSE"
"0661.HK","China National Resources Development Holdings Ltd","Unknown","HKSE"
"0662.HK","Asia Financial Holdings Ltd","Unknown","HKSE"
"0663.HK","Swank International Manufacturing Co. Ltd","Unknown","HKSE"
"0665.HK","Taifook Securities Group Ltd","Unknown","HKSE"
"0666.HK","Yu Ming Investments Ltd","Unknown","HKSE"
"0668.HK","Hong Kong Catering Management Ltd","Unknown","HKSE"
"0669.HK","Techtronic Industries Co. Ltd","Unknown","HKSE"
"0670.HK","China Eastern Airlines Corporation Ltd","Unknown","HKSE"
"0672.HK","Barclays Asian Selection Fund Ltd-aseans","Unknown","HKSE"
"0673.HK","China HealthCare Holdings Ltd","Unknown","HKSE"
"0674.HK","United Power Investment Ltd","Unknown","HKSE"
"0675.HK","K & P International Holdings Ltd","Unknown","HKSE"
"0677.HK","Golden Resources Development International Ltd","Unknown","HKSE"
"0678.HK","Star Cruises Ltd","Unknown","HKSE"
"0679.HK","Asia Tele-Net And Technology Corporation Ltd","Unknown","HKSE"
"0680.HK","Nan Hai Corporation Ltd","Unknown","HKSE"
"0681.HK","Chinese People Gas Holdings Co. Ltd","Unknown","HKSE"
"0683.HK","Kerry Properties Ltd","Unknown","HKSE"
"0684.HK","Allan International Holdings Ltd","Unknown","HKSE"
"0685.HK","Ming Pao Enterprise Corporation Ltd","Unknown","HKSE"
"0686.HK","Gay Giano International Group Ltd","Unknown","HKSE"
"0687.HK","Tysan Holdings Ltd","Unknown","HKSE"
"0688.HK","China Overseas Land & Investment Ltd","Unknown","HKSE"
"0691.HK","Shanshui Cement","Unknown","HKSE"
"0693.HK","Tan Chong International Ltd","Unknown","HKSE"
"0694.HK","Beijing Capital International Airport Co. Ltd","Unknown","HKSE"
"0696.HK","TravelSky Technology Ltd","Unknown","HKSE"
"0697.HK","Shougang Concord International Enterprises Co. Ltd","Unknown","HKSE"
"0698.HK","Tongda Group Holdings Ltd","Unknown","HKSE"
"0700.HK","Tencent Holdings Ltd","Unknown","HKSE"
"0701.HK","CNT Group Ltd","Unknown","HKSE"
"0702.HK","Genesis Energy Holdings Ltd","Unknown","HKSE"
"0703.HK","Innovo Leisure Recreation Holdings Ltd","Unknown","HKSE"
"0704.HK","Frankie Dominion International Ltd","Unknown","HKSE"
"0705.HK","Zhongda International Holdings Ltd Warrants 2006","Unknown","HKSE"
"0706.HK","FinTronics Holdings Co. Ltd","Unknown","HKSE"
"0707.HK","Co-Prosperity Holdings Ltd","Unknown","HKSE"
"0708.HK","New Media Group Holdings Ltd","Unknown","HKSE"
"0709.HK","Giordano International Ltd","Unknown","HKSE"
"0710.HK","Varitronix International Ltd","Unknown","HKSE"
"0711.HK","Chun Wo Holdings Ltd","Unknown","HKSE"
"0712.HK","China Resources Cement Holdings Ltd","Unknown","HKSE"
"0713.HK","World Houseware (Holdings) Ltd","Unknown","HKSE"
"0715.HK","Hutchison Harbour Ring Ltd","Unknown","HKSE"
"0716.HK","Singamas Container Holdings Ltd","Unknown","HKSE"
"0717.HK","Emperor Capital Group Ltd","Unknown","HKSE"
"0719.HK","Shandong Xinhua Pharmaceutical Co. Ltd","Unknown","HKSE"
"0720.HK","Wo Kee Hong (Holdings) Ltd","Unknown","HKSE"
"0721.HK","Prime Investments Holdings Ltd","Unknown","HKSE"
"0725.HK","Perennial International Ltd","Unknown","HKSE"
"0726.HK","South East Group Ltd","Unknown","HKSE"
"0727.HK","VXL Capital Ltd","Unknown","HKSE"
"0728.HK","China Telecom Corporation Ltd","Unknown","HKSE"
"0730.HK","Shougang Concord Grand (Group) Ltd","Unknown","HKSE"
"0731.HK","Samson Paper Holdings Ltd","Unknown","HKSE"
"0733.HK","Hopefluent Group Holdings Ltd","Unknown","HKSE"
"0735.HK","China Power New Energy","Unknown","HKSE"
"0736.HK","Northern International Holdings Ltd","Unknown","HKSE"
"0737.HK","Hopewell Highway Infrastructure Ltd","Unknown","HKSE"
"0738.HK","Le Saunda Holdings Ltd","Unknown","HKSE"
"0743.HK","Asia Cement Holdings","Unknown","HKSE"
"0745.HK","Wing Hong (Holdings) Ltd","Unknown","HKSE"
"0746.HK","Lee & Man Holding Ltd","Unknown","HKSE"
"0747.HK","Shenyang Public Utility Holdings Co. Ltd","Unknown","HKSE"
"0750.HK","China Singyes Solar Tech","Unknown","HKSE"
"0751.HK","Skyworth Digital Holdings Ltd","Unknown","HKSE"
"0752.HK","Pico Far East Holdings Ltd","Unknown","HKSE"
"0753.HK","Air China Ltd","Unknown","HKSE"
"0754.HK","Hopson Development Holdings Ltd","Unknown","HKSE"
"0755.HK","Shanghai Zendai Property Ltd","Unknown","HKSE"
"0756.HK","Iquorum Cybernet W0404","Unknown","HKSE"
"0757.HK","Solargiga Energy Holdings Ltd","Unknown","HKSE"
"0758.HK","Junefield Department Store Group Ltd","Unknown","HKSE"
"0759.HK","CEC International Holdings Ltd","Unknown","HKSE"
"0760.HK","Tomorrow International Holdings Ltd","Unknown","HKSE"
"0762.HK","China Unicom Ltd","Unknown","HKSE"
"0763.HK","ZTE Corporation","Unknown","HKSE"
"0764.HK","Riche Multi-Media Holdings Ltd","Unknown","HKSE"
"0765.HK","Perfectech International Holdings Ltd","Unknown","HKSE"
"0766.HK","Sino Prosper Holdings Ltd","Unknown","HKSE"
"0768.HK","UBA Investments Ltd","Unknown","HKSE"
"0769.HK","China Rare Earth Holdings Ltd","Unknown","HKSE"
"0771.HK","Automated Systems Holdings Ltd","Unknown","HKSE"
"0773.HK","China Metal Recycling Holdings Ltd","Unknown","HKSE"
"0775.HK","CK Life Sciences Int (Holdings) Inc","Unknown","HKSE"
"0777.HK","NetDragon Websoft Inc","Unknown","HKSE"
"0789.HK","Artini China Company Ltd","Unknown","HKSE"
"0794.HK","Come Sure Group","Unknown","HKSE"
"0800.HK","A8 Digital Music Holdings Ltd","Unknown","HKSE"
"0801.HK","Golden Meditech Company Ltd","Unknown","HKSE"
"0802.HK","RCG","Unknown","HKSE"
"0803.HK","Prosperity International Holdings Ltd","Unknown","HKSE"
"0805.HK","Glencore International PLC","Unknown","HKSE"
"0806.HK","Value Partners Group Ltd","Unknown","HKSE"
"0808.HK","Prosperity Real Estate Investment Trust","Unknown","HKSE"
"0809.HK","Global Bio-chem Technology Group Co. Ltd","Unknown","HKSE"
"0811.HK","Xinhua Winshare","Unknown","HKSE"
"0812.HK","Tanrich Financial Holdings Ltd","Unknown","HKSE"
"0813.HK","Shimao Property Holdings Ltd","Unknown","HKSE"
"0814.HK","Beijing Jingkelong Co Ltd","Unknown","HKSE"
"0817.HK","Franshion Properties","Unknown","HKSE"
"0818.HK","Hi Sun Technology (China) Ltd","Unknown","HKSE"
"0819.HK","Tianneng Power International Ltd","Unknown","HKSE"
"0820.HK","HSBC Dragon Fund","Unknown","HKSE"
"0821.HK","Barclays Asian Selection F Ltd H K Fund","Unknown","HKSE"
"0822.HK","Barclays Asian Selection F Ltd Indo Fund","Unknown","HKSE"
"0823.HK","The Link Real Estate Investment Trust","Unknown","HKSE"
"0825.HK","Barclays Asian Selection F Ltd Phil Fund","Unknown","HKSE"
"0826.HK","Barclays Asian Selection F Ltd Sing Fund","Unknown","HKSE"
"0827.HK","Barclays Asian Selection F Ltd Se Asia F","Unknown","HKSE"
"0828.HK","Dynasty Fine Wines Group Ltd","Unknown","HKSE"
"0829.HK","Barclays Asian Selection F Ltd Usd Liq F","Unknown","HKSE"
"0831.HK","Convenience Retail Asia Limited","Unknown","HKSE"
"0832.HK","korea 1990 Trust The-beneficial Cert.","Unknown","HKSE"
"0833.HK","Alltronics Holdings Ltd","Unknown","HKSE"
"0834.HK","Anhui Tianda Oil Pipe Co Ltd","Unknown","HKSE"
"0835.HK","Nubrands Group Holdings Ltd","Unknown","HKSE"
"0836.HK","China Resources Power Holdings Co. Ltd","Unknown","HKSE"
"0837.HK","China Pharmaceutical Ent & Inv Corp W0110","Unknown","HKSE"
"0838.HK","EVA Precision Industrial Holdings Ltd","Unknown","HKSE"
"0839.HK","Anhui Tianda Oil Pipe Company Ltd","Unknown","HKSE"
"0840.HK","Xinjiang Tianye Water Saving Irrigation System Company Ltd","Unknown","HKSE"
"0841.HK","Asia Cassava Resources Holdings Ltd","Unknown","HKSE"
"0842.HK","Leoch International Technology Ltd","Unknown","HKSE"
"0844.HK","Grand Concord International Holdings Ltd","Unknown","HKSE"
"0845.HK","Artfield Group W0403","Unknown","HKSE"
"0846.HK","Mingfa Group Co Ltd","Unknown","HKSE"
"0847.HK","Kazakhmys plc","Unknown","HKSE"
"0848.HK","Prc-6.125% Notes 100 Due 2003","Unknown","HKSE"
"0850.HK","Wing Shing International Holdings Ltd","Unknown","HKSE"
"0851.HK","MAE Holdings Ltd","Unknown","HKSE"
"0852.HK","Good Fellow Group W0112","Unknown","HKSE"
"0853.HK","Global Tech (holdings) W0408","Unknown","HKSE"
"0855.HK","China Water Affairs Group Ltd","Unknown","HKSE"
"0856.HK","VST Holdings Ltd","Unknown","HKSE"
"0857.HK","PetroChina Co. Ltd","Unknown","HKSE"
"0858.HK","Extrawell Pharmaceutical Holdings Ltd","Unknown","HKSE"
"0859.HK","Henry Group Holdings Ltd","Unknown","HKSE"
"0860.HK","Ming Fung Jewellery Group Ltd","Unknown","HKSE"
"0861.HK","Digital China Holdings Ltd","Unknown","HKSE"
"0862.HK","New World Mobile Holdings Ltd","Unknown","HKSE"
"0866.HK","SUNDAY Communications Ltd","Unknown","HKSE"
"0867.HK","Thornton Tiger Fund","Unknown","HKSE"
"0868.HK","Xinyi Glass Holdings Ltd","Unknown","HKSE"
"0869.HK","Playmates Toys Ltd","Unknown","HKSE"
"0871.HK","Xiangyu Dredging Holdings Ltd","Unknown","HKSE"
"0872.HK","Cable & Wireless Plc-us$1000 Bond 2003","Unknown","HKSE"
"0873.HK","International Taifeng Holdings Limited","Unknown","HKSE"
"0874.HK","Guangzhou Pharmaceutical Co. Ltd","Unknown","HKSE"
"0876.HK","Wing Lee Holdings Ltd","Unknown","HKSE"
"0877.HK","Asian Development Bank 6.125% Bonds 2004","Unknown","HKSE"
"0878.HK","Soundwill Holdings Ltd","Unknown","HKSE"
"0880.HK","SJM Holdings Ltd","Unknown","HKSE"
"0881.HK","Jf Japan Otc Fund Inc.","Unknown","HKSE"
"0882.HK","Tianjin Development Holdings Ltd","Unknown","HKSE"
"0883.HK","CNOOC Ltd","Unknown","HKSE"
"0885.HK","Forefront International Holdings Ltd","Unknown","HKSE"
"0886.HK","Silver Base Group Holdings Ltd","Unknown","HKSE"
"0887.HK","Cable & Wireless Plc-us$10000 Bond 2003","Unknown","HKSE"
"0888.HK","RoadShow Holdings Ltd","Unknown","HKSE"
"0889.HK","Datronix Holdings Ltd","Unknown","HKSE"
"0891.HK","Trinity Ltd","Unknown","HKSE"
"0893.HK","China Vanadium Titano-Magnetite Mining Co Ltd","Unknown","HKSE"
"0894.HK","Man Yue International Holdings Ltd","Unknown","HKSE"
"0895.HK","Dongjiang Environment","Unknown","HKSE"
"0896.HK","Hanison Construction Holdings Ltd","Unknown","HKSE"
"0897.HK","Wai Yuen Tong Medicine Holdings Ltd","Unknown","HKSE"
"0898.HK","Multifield International Holdings Ltd","Unknown","HKSE"
"0899.HK","Asia Resources Holdings Ltd","Unknown","HKSE"
"0901.HK","Radford Capital Investment Ltd","Unknown","HKSE"
"0902.HK","Huaneng Power International Inc","Unknown","HKSE"
"0903.HK","TPV Technology Ltd","Unknown","HKSE"
"0904.HK","China Green (Holdings) Ltd","Unknown","HKSE"
"0905.HK","Apex Capital Ltd","Unknown","HKSE"
"0906.HK","CPMC Holdings Ltd","Unknown","HKSE"
"0908.HK","Jiuzhou Development Co. Ltd","Unknown","HKSE"
"0910.HK","Good Fellow Group Ltd","Unknown","HKSE"
"0912.HK","Suga International Holdings Ltd","Unknown","HKSE"
"0914.HK","Anhui Conch Cement Co. Ltd","Unknown","HKSE"
"0915.HK","Linmark Group Ltd","Unknown","HKSE"
"0916.HK","China Longyuan Power","Unknown","HKSE"
"0917.HK","New World China Land Ltd","Unknown","HKSE"
"0918.HK","Takson Holdings Ltd","Unknown","HKSE"
"0919.HK","Modern Beauty Salon Holdings Ltd","Unknown","HKSE"
"0921.HK","Hisense Kelon","Unknown","HKSE"
"0925.HK","Peaktop International Holdings Ltd","Unknown","HKSE"
"0926.HK","Egana Jewellery & Pearls Ltd","Unknown","HKSE"
"0927.HK","Fujikon Industrial Holdings Ltd","Unknown","HKSE"
"0929.HK","IPE Group Ltd","Unknown","HKSE"
"0931.HK","Artel Solutions Group Holdings Ltd","Unknown","HKSE"
"0933.HK","First Sign International Holdings Ltd","Unknown","HKSE"
"0934.HK","Sinopec Kantons Holdings Ltd","Unknown","HKSE"
"0935.HK","Dragon Crown Group Holdings Limited","Unknown","HKSE"
"0936.HK","Manta Holdings Company, Ltd","Unknown","HKSE"
"0938.HK","Man Sang International Ltd","Unknown","HKSE"
"0939.HK","China Construction Bank Corporation","Unknown","HKSE"
"0941.HK","China Mobile Ltd","Unknown","HKSE"
"0943.HK","eForce Holdings Ltd","Unknown","HKSE"
"0945.HK","Manulife Financial Corporation","Unknown","HKSE"
"0947.HK","Province Of Ontario-7 1/4% N2005-100","Unknown","HKSE"
"0948.HK","Province Of Ontario-7 1/4% N2005-1000","Unknown","HKSE"
"0950.HK","Lee's Pharmaceutical Holdings Limited","Unknown","HKSE"
"0951.HK","Chaowei Power Holdings Limited","Unknown","HKSE"
"0952.HK","Quam Ltd","Unknown","HKSE"
"0953.HK","Meike Ltd","Unknown","HKSE"
"0956.HK","Baden-wurttemberg L-finance Nv 1000b2003","Unknown","HKSE"
"0958.HK","Huaneng Renewables Ltd","Unknown","HKSE"
"0960.HK","Longfor Properties Co Ltd","Unknown","HKSE"
"0966.HK","China Taiping","Unknown","HKSE"
"0967.HK","Citc Seoul Access Trust","Unknown","HKSE"
"0969.HK","Hua Lien International (Holding) Co. Ltd","Unknown","HKSE"
"0973.HK","Province Of Ontario 61/4% Dm100000 N2004","Unknown","HKSE"
"0975.HK","Hk & Shanghai Banking Corp Hk$1000000n03","Unknown","HKSE"
"0976.HK","Chiho-Tiande Group Ltd","Unknown","HKSE"
"0980.HK","Lianhua Supermarket Holdings Co. Ltd","Unknown","HKSE"
"0981.HK","Semiconductor Manufacturing International Corporation","Unknown","HKSE"
"0982.HK","iOne Holdings Ltd","Unknown","HKSE"
"0983.HK","Shui On Construction and Materials Ltd","Unknown","HKSE"
"0984.HK","AEON Stores (Hong Kong) Co. Ltd","Unknown","HKSE"
"0985.HK","China Sci-Tech Holdings Ltd","Unknown","HKSE"
"0987.HK","J.I.C. Technology Co. Ltd","Unknown","HKSE"
"0989.HK","China Motion Telecom International Ltd","Unknown","HKSE"
"0990.HK","Theme International Holdings Ltd","Unknown","HKSE"
"0991.HK","Datang International Power Generation Co. Ltd","Unknown","HKSE"
"0992.HK","Lenovo Group Ltd","Unknown","HKSE"
"0993.HK","Simsen International Corporation Ltd","Unknown","HKSE"
"0995.HK","Anhui Expressway Co. Ltd","Unknown","HKSE"
"0996.HK","CASH Retail Management Group Ltd","Unknown","HKSE"
"0998.HK","China CITIC Bank Corp Ltd","Unknown","HKSE"
"0999.HK","I.T Ltd","Unknown","HKSE"
"1000.HK","Beijing Media Corporation Ltd","Unknown","HKSE"
"1002.HK","V.S. International Group Ltd","Unknown","HKSE"
"1004.HK","Rising Development Holdings Ltd","Unknown","HKSE"
"1005.HK","Matrix Holdings Ltd","Unknown","HKSE"
"1006.HK","China Corn Oil","Unknown","HKSE"
"1009.HK","International Entertainment Corporation","Unknown","HKSE"
"1010.HK","PacMOS Technologies Holdings Ltd","Unknown","HKSE"
"1011.HK","Regal Hotels International Holdings Ltd Warrants 2007","Unknown","HKSE"
"1013.HK","Plus Holdings Ltd","Unknown","HKSE"
"1019.HK","Convoy Financial Services Holdings Ltd","Unknown","HKSE"
"1020.HK","SINOREF HOLDINGS LIMITED","Unknown","HKSE"
"1021.HK","Midas Holdings Ltd","Unknown","HKSE"
"1025.HK","Wumart Stores Inc","Unknown","HKSE"
"1026.HK","Universal Technologies Holdings Ltd","Unknown","HKSE"
"1028.HK","C.banner International Holdings Ltd","Unknown","HKSE"
"1029.HK","IRC LIMITED","Unknown","HKSE"
"1033.HK","Sinopec Yizheng Chemical Fibre Co. Ltd","Unknown","HKSE"
"1036.HK","Winsor Properties Holdings Ltd","Unknown","HKSE"
"1038.HK","Cheung Kong Infrastructure Holdings Ltd","Unknown","HKSE"
"1039.HK","Changfeng Axle (China) Company Limited","Unknown","HKSE"
"1043.HK","Coslight Technology International Group Ltd","Unknown","HKSE"
"1044.HK","Hengan International Group Co. Ltd","Unknown","HKSE"
"1045.HK","APT Satellite Holdings Ltd","Unknown","HKSE"
"1046.HK","Universe International Holdings Ltd","Unknown","HKSE"
"1049.HK","Celestial Asia Securities Holdings Ltd","Unknown","HKSE"
"1050.HK","Karrie International Holdings Ltd","Unknown","HKSE"
"1051.HK","Smart Rich Energy Finance (Holdings) Ltd","Unknown","HKSE"
"1052.HK","Yuexiu Transport Infrastructure","Unknown","HKSE"
"1055.HK","China Southern Airlines Co. Ltd","Unknown","HKSE"
"1057.HK","Zhejiang Shibao Company Limited","Unknown","HKSE"
"1058.HK","Guangdong Tannery Ltd","Unknown","HKSE"
"1059.HK","Kantone Holdings Ltd","Unknown","HKSE"
"1060.HK","Shanghai Allied Cement Ltd","Unknown","HKSE"
"1062.HK","New Capital International Investment Ltd","Unknown","HKSE"
"1064.HK","Zhong Hua International Holdings Ltd","Unknown","HKSE"
"1065.HK","Tianjin Capital Environmental Protection Co. Ltd","Unknown","HKSE"
"1066.HK","Weigao Group","Unknown","HKSE"
"1068.HK","China Yurun Food Group Ltd","Unknown","HKSE"
"1069.HK","Jiangchen International Holdings Limited","Unknown","HKSE"
"1070.HK","TCL Multimedia Technology Holdings Ltd","Unknown","HKSE"
"1071.HK","Huadian Power International Corporation Ltd","Unknown","HKSE"
"1072.HK","Dongfang Electrical Machinery Co. Ltd","Unknown","HKSE"
"1073.HK","China Agrotech Holdings Ltd","Unknown","HKSE"
"1075.HK","Capinfo","Unknown","HKSE"
"1079.HK","Pine Technology Holding Limited","Unknown","HKSE"
"1080.HK","Shengli Pipe","Unknown","HKSE"
"1082.HK","Modern Education Group Ltd","Unknown","HKSE"
"1083.HK","Panva Gas Holdings Ltd","Unknown","HKSE"
"1086.HK","Goodbaby International Holding","Unknown","HKSE"
"1087.HK","HL Technology Group Ltd.","Unknown","HKSE"
"1088.HK","China Shenhua Energy Co. Ltd","Unknown","HKSE"
"1089.HK","Sumpo Food Holdings Ltd","Unknown","HKSE"
"1090.HK","Da Ming International Holdings Ltd","Unknown","HKSE"
"1091.HK","CITIC DAMENG","Unknown","HKSE"
"1093.HK","China Pharmaceutical Group Ltd","Unknown","HKSE"
"1096.HK","Active Group Holdings Ltd","Unknown","HKSE"
"1097.HK","i-CABLE Communications Ltd","Unknown","HKSE"
"1098.HK","Road King Infrastructure Ltd","Unknown","HKSE"
"1099.HK","Sinopharm Group Co Ltd","Unknown","HKSE"
"1100.HK","Mainland Headwear Holdings Ltd","Unknown","HKSE"
"1101.HK","China Rongsheng Heavy Industries Group Ltd","Unknown","HKSE"
"1102.HK","Enviro Energy International Holdings Ltd","Unknown","HKSE"
"1104.HK","Shanghai Merchants Holdings Ltd","Unknown","HKSE"
"1105.HK","Sing Tao News Corporation Ltd","Unknown","HKSE"
"1106.HK","Sino Haijing Holdings Ltd.","Unknown","HKSE"
"1108.HK","Luoyang Glass Co. Ltd","Unknown","HKSE"
"1109.HK","China Resources Land Ltd","Unknown","HKSE"
"1110.HK","China National Aviation Co. Ltd.","Unknown","HKSE"
"1111.HK","Chong Hing Bank","Unknown","HKSE"
"1112.HK","Biostime International Holdings Limited","Unknown","HKSE"
"1114.HK","Brilliance China Automotive Holdings Ltd","Unknown","HKSE"
"1115.HK","Tibet 5100 Water Resources Holdings Ltd","Unknown","HKSE"
"1117.HK","China Modern Dairy Holdings","Unknown","HKSE"
"1118.HK","Golik Holdings Ltd","Unknown","HKSE"
"1121.HK","BAOFENGMODERN","Unknown","HKSE"
"1122.HK","Qingling Motors Co. Ltd","Unknown","HKSE"
"1123.HK","China-Hongkong Photo Products Holdings Ltd","Unknown","HKSE"
"1124.HK","Coastal Greenland Ltd","Unknown","HKSE"
"1125.HK","Lai Fung Holdings Ltd","Unknown","HKSE"
"1126.HK","Dream International Ltd","Unknown","HKSE"
"1127.HK","1010 Printing Group Ltd","Unknown","HKSE"
"1128.HK","Wynn Macau Ltd","Unknown","HKSE"
"1129.HK","Sky Hawk Computer Group Holdings Ltd","Unknown","HKSE"
"1131.HK","Kwong Hing International Holdings (Bermuda) Ltd","Unknown","HKSE"
"1132.HK","Golden Harvest Entertainment (Holdings) Ltd","Unknown","HKSE"
"1133.HK","Harbin Power Equipment Co. Ltd","Unknown","HKSE"
"1135.HK","Asia Satellite Telecommunications Holdings Ltd","Unknown","HKSE"
"1136.HK","TCC International Holdings Ltd","Unknown","HKSE"
"1137.HK","City Telecom (H.K.) Ltd","Unknown","HKSE"
"1138.HK","China Shipping Development Co. Ltd","Unknown","HKSE"
"1140.HK","Concepta Investments Ltd","Unknown","HKSE"
"1141.HK","Xin Corporation Ltd","Unknown","HKSE"
"1142.HK","Rontex International Holdings Ltd","Unknown","HKSE"
"1143.HK","Telefield International (Holdings) Ltd","Unknown","HKSE"
"1146.HK","China Outfitters Holdings Ltd","Unknown","HKSE"
"1149.HK","Broad Intelligence Int'l Pharmaceutical Holdings Ltd","Unknown","HKSE"
"1150.HK","Milan Station Ltd","Unknown","HKSE"
"1151.HK","Elec & Eltek International Co Ltd","Unknown","HKSE"
"1155.HK","Centron Telecom","Unknown","HKSE"
"1157.HK","Zoomlion","Unknown","HKSE"
"1161.HK","Water Oasis Group Ltd","Unknown","HKSE"
"1164.HK","Vital BioTech Holdings Ltd","Unknown","HKSE"
"1165.HK","Shunfeng Photovoltaic International Ltd","Unknown","HKSE"
"1166.HK","Solartech International Holdings Ltd","Unknown","HKSE"
"1168.HK","Sinolink Worldwide Holdings Ltd","Unknown","HKSE"
"1169.HK","Haier Electronics Group Co. Ltd","Unknown","HKSE"
"1170.HK","Kingmaker Footwear Holdings Ltd","Unknown","HKSE"
"1171.HK","Yanzhou Coal Mining Co. Ltd","Unknown","HKSE"
"1172.HK","Midas International Holdings Ltd","Unknown","HKSE"
"1173.HK","Veeko International Holdings Ltd","Unknown","HKSE"
"1174.HK","Pacific Andes International Holdings Ltd","Unknown","HKSE"
"1176.HK","Nam Fong International Holdings Ltd","Unknown","HKSE"
"1177.HK","Sino Biopharmaceutical Ltd","Unknown","HKSE"
"1178.HK","Vitop Bioenergy Holdings Ltd","Unknown","HKSE"
"1180.HK","LifeTec Group Ltd","Unknown","HKSE"
"1181.HK","Tang Palace (China) Holdings Ltd","Unknown","HKSE"
"1185.HK","China Energine","Unknown","HKSE"
"1186.HK","Value Partners China Greenchip Fund Ltd","Unknown","HKSE"
"1188.HK","Compass Pacific Holdings Ltd","Unknown","HKSE"
"1189.HK","Wing On Travel (Holdings) Ltd","Unknown","HKSE"
"1191.HK","China Rich Holdings Ltd","Unknown","HKSE"
"1193.HK","China Resources Gas","Unknown","HKSE"
"1194.HK","China Precious Metal Resources","Unknown","HKSE"
"1195.HK","Sinotronics Holdings Ltd","Unknown","HKSE"
"1196.HK","Cheong Ming Investments Ltd","Unknown","HKSE"
"1198.HK","Chitaly Holdings Ltd","Unknown","HKSE"
"1199.HK","COSCO Pacific Ltd","Unknown","HKSE"
"1200.HK","Midland Holdings Ltd","Unknown","HKSE"
"1201.HK","Kith Holdings Ltd","Unknown","HKSE"
"1202.HK","Chengdu PUTIAN Telecommunications Cable Co. Ltd","Unknown","HKSE"
"1203.HK","Guangnan (Holdings) Ltd","Unknown","HKSE"
"1205.HK","CITIC Resources Holdings Ltd","Unknown","HKSE"
"1207.HK","Shanghai Real Estate Ltd","Unknown","HKSE"
"1208.HK","Minmetals Resources Ltd","Unknown","HKSE"
"1210.HK","Christine International Holdings Ltd","Unknown","HKSE"
"1211.HK","BYD Co. Ltd","Unknown","HKSE"
"1212.HK","Lifestyle International Holdings Ltd","Unknown","HKSE"
"1215.HK","Guo Xin Group Ltd","Unknown","HKSE"
"1217.HK","Sino Technology Investments Co. Ltd","Unknown","HKSE"
"1218.HK","Easyknit International Holdings Ltd","Unknown","HKSE"
"1221.HK","Sino Hotels (Holdings) Ltd","Unknown","HKSE"
"1223.HK","Symphony Holdings Ltd","Unknown","HKSE"
"1224.HK","C C Land Holdings","Unknown","HKSE"
"1225.HK","Lerado Group (Holding) Co. Ltd","Unknown","HKSE"
"1226.HK","Garron International Ltd","Unknown","HKSE"
"1227.HK","China Financial Industry Investment Fund Ltd","Unknown","HKSE"
"1229.HK","Artfield Group Ltd","Unknown","HKSE"
"1230.HK","Yashili International Holdings Ltd","Unknown","HKSE"
"1231.HK","Deutsche Bank AG - Nikkei 225 Index European Wts Jun 2007 A","Unknown","HKSE"
"1234.HK","China Lilang Ltd","Unknown","HKSE"
"1235.HK","Deutsche Bank AG - Nikkei 225 Index Euro Put Wts Jun 2007 B","Unknown","HKSE"
"1238.HK","Powerlong Real Estate Holdings Ltd","Unknown","HKSE"
"1239.HK","Jin Bao Bao Holdings Ltd","Unknown","HKSE"
"1241.HK","Shuanghua Holdings Ltd","Unknown","HKSE"
"1251.HK","SPT Energy Group Inc","Unknown","HKSE"
"1259.HK","Prince Frog International","Unknown","HKSE"
"1260.HK","J P Morgan Int'l Der. Ltd. - Foxconn European Wts Mar 2007","Unknown","HKSE"
"1262.HK","Labixiaoxin Snacks Group Ltd","Unknown","HKSE"
"1266.HK","Xiwang Special Steel Co Ltd","Unknown","HKSE"
"1269.HK","Macquarie Bank Ltd. - BOCHK European Warrants May 2007","Unknown","HKSE"
"1277.HK","BNP Paribas Arbit Issu B.V. - HSBC European Wts Apr 2007","Unknown","HKSE"
"1278.HK","China New Town Development Co. Ltd.","Unknown","HKSE"
"1280.HK","SGA Societe Generale Acceptance N.V. - CHALCO Eur Wt Apr 07B","Unknown","HKSE"
"1281.HK","SGA Societe Generale Acceptance N.V. - CK(H) Euro Wts Mar 07","Unknown","HKSE"
"1282.HK","World Wide Touch Tech (Holdings) Ltd","Unknown","HKSE"
"1288.HK","Agricultural Bank of China Ltd","Unknown","HKSE"
"1293.HK","Baoxin Auto Group Ltd","Unknown","HKSE"
"1298.HK","Techcomp (Holdings)","Unknown","HKSE"
"1299.HK","SGA Societe Generale Acceptance N.V. - HSI Euro Wts Mar 07 B","Unknown","HKSE"
"1300.HK","SGA Societe Generale Acceptance N.V. - HSBC Eur Wts Apr 2008","Unknown","HKSE"
"1303.HK","Huili Resources (Group) Ltd","Unknown","HKSE"
"1308.HK","Deutsche Bank AG - China Mobile European Warrants Mar 2007","Unknown","HKSE"
"1312.HK","Allied Cement Holdings Ltd","Unknown","HKSE"
"1313.HK","China Resources Cement Holdings Ltd","Unknown","HKSE"
"1315.HK","Vision Fame International Holding Ltd","Unknown","HKSE"
"1322.HK","J P Morgan Int'l Der. Ltd. - Sh Petrochem Euro Wts Mar 2007","Unknown","HKSE"
"1323.HK","Newtree Group Holdings Ltd","Unknown","HKSE"
"1329.HK","Juda International Holdings Ltd","Unknown","HKSE"
"1333.HK","BOCI Asia Ltd. - CNOOC European Warrants Jun 2007","Unknown","HKSE"
"1336.HK","New China Life Insurance Company","Unknown","HKSE"
"1338.HK","Macquarie Bank Ltd. - HSBC European Put Warrants Mar 2007","Unknown","HKSE"
"1361.HK","SGA Societe Generale Acceptance N.V. - PetCh Eur Wts Apr 08","Unknown","HKSE"
"1368.HK","Xtep International Holdings Ltd","Unknown","HKSE"
"1378.HK","SGA Societe Generale Acceptance N.V. - HSBC Eur Wts Apr 07 B","Unknown","HKSE"
"1380.HK","SGA Societe Generale Acceptance N.V. - SHK Ppt Eu Wt Apr 07A","Unknown","HKSE"
"1382.HK","Pacific Textiles Holdings Ltd","Unknown","HKSE"
"1386.HK","Walker Group Holdings Ltd","Unknown","HKSE"
"1387.HK","Renhe Commercial Holdings","Unknown","HKSE"
"1388.HK","Embry Holdings Ltd","Unknown","HKSE"
"1393.HK","Hidili Industry International Devt Ltd","Unknown","HKSE"
"1398.HK","Industrial and Commercial Bank of China Ltd","Unknown","HKSE"
"1399.HK","Scud Group Ltd","Unknown","HKSE"
"1428.HK","Bright Smart Securities & Commodities Gr","Unknown","HKSE"
"1488.HK","Lee & Man Handbags Holding Ltd","Unknown","HKSE"
"1555.HK","MIE Holdings Corporation","Unknown","HKSE"
"1600.HK","China Tian Lun Gas Holdings Limited","Unknown","HKSE"
"1613.HK","Synertone Communication Corp","Unknown","HKSE"
"1618.HK","Metallurgical Corporation of China Ltd","Unknown","HKSE"
"1623.HK","Hilong Holding Ltd","Unknown","HKSE"
"1628.HK","Ford Motor Credit Company 10 N0201","Unknown","HKSE"
"1633.HK","export-import Bank Of Korea The B0202","Unknown","HKSE"
"1638.HK","Kaisa Group","Unknown","HKSE"
"1663.HK","Sino Harbour Property Group Ltd","Unknown","HKSE"
"1666.HK","Republic Of Italy 100n0205","Unknown","HKSE"
"1668.HK","China South City Holdings Ltd","Unknown","HKSE"
"1685.HK","Boer Power Holdings Ltd","Unknown","HKSE"
"1700.HK","Springland International Holdings Ltd","Unknown","HKSE"
"1728.HK","Zhentong Auto Services Holding","Unknown","HKSE"
"1733.HK","Citibank Ag-hsbc Holdings Ec0111","Unknown","HKSE"
"1766.HK","CSR","Unknown","HKSE"
"1768.HK","Sateri Holdings Ltd","Unknown","HKSE"
"1777.HK","Fantasia Holdings Group Co Ltd","Unknown","HKSE"
"1788.HK","GUOTAI JUNAN INTERNATIONAL HOLD. LIMITED","Unknown","HKSE"
"1798.HK","Datang Corp Renewable Power","Unknown","HKSE"
"1800.HK","China Communications Construction Co Ltd","Unknown","HKSE"
"1803.HK","ASR Holdings Ltd","Unknown","HKSE"
"1808.HK","Tai-I International Holdings Ltd","Unknown","HKSE"
"1812.HK","CHENMING PAPER","Unknown","HKSE"
"1813.HK","KWG Property Holding Ltd","Unknown","HKSE"
"1818.HK","Zhaojin Mining Industry Co. Ltd","Unknown","HKSE"
"1822.HK","Perception Digital Holdings Limited","Unknown","HKSE"
"1823.HK","Huayu Expressway","Unknown","HKSE"
"1828.HK","Dah Chong Hong Holding Ltd","Unknown","HKSE"
"1830.HK","Perfect Shape (PRC) Holdings Ltd","Unknown","HKSE"
"1831.HK","Shifang Holding Ltd","Unknown","HKSE"
"1833.HK","Intime Department Store (Group) Company","Unknown","HKSE"
"1836.HK","Stella International Holdings Ltd","Unknown","HKSE"
"1838.HK","China Properties Group Ltd","Unknown","HKSE"
"1863.HK","Sijia Group Co Ltd","Unknown","HKSE"
"1866.HK","Neo-Neon Holdings Ltd","Unknown","HKSE"
"1868.HK","Neo-Neon Holdings Ltd","Unknown","HKSE"
"1878.HK","SouthGobi Energy Resources","Unknown","HKSE"
"1880.HK","Belle International Holdings","Unknown","HKSE"
"1881.HK","Regal Real Estate Investment Trust","Unknown","HKSE"
"1882.HK","Haitian International Holdings Ltd","Unknown","HKSE"
"1883.HK","Citic Telecom International Holdings","Unknown","HKSE"
"1886.HK","China Huiyuan Juice Group Ltd","Unknown","HKSE"
"1888.HK","Kingboard Laminates Holdings Ltd","Unknown","HKSE"
"1889.HK","Wuyi International Pharmaceutical Co. Ltd","Unknown","HKSE"
"1893.HK","China National Materials Company Ltd","Unknown","HKSE"
"1898.HK","China Coal Energy Co. Ltd","Unknown","HKSE"
"1899.HK","Xingda International Holdings Ltd","Unknown","HKSE"
"1900.HK","China ITS (Holdings) Co Ltd","Unknown","HKSE"
"1910.HK","Samsonite International SA","Unknown","HKSE"
"1913.HK","Prada SPA","Unknown","HKSE"
"1918.HK","Sunac China Holdings Ltd","Unknown","HKSE"
"1919.HK","China COSCO Holdings Co. Ltd","Unknown","HKSE"
"1928.HK","Sands China Ltd","Unknown","HKSE"
"1929.HK","Chow Tai Fook","Unknown","HKSE"
"1938.HK","Chu Kong Pipe","Unknown","HKSE"
"1966.HK","China SCE PPT","Unknown","HKSE"
"1968.HK","Peak Sport","Unknown","HKSE"
"1972.HK","Swire Properties Ltd","Unknown","HKSE"
"1988.HK","Minsheng Bank Corp","Unknown","HKSE"
"1991.HK","TA Yang Group Holdings Ltd","Unknown","HKSE"
"1997.HK","Regent Manner International Holdings Ltd","Unknown","HKSE"
"1998.HK","Flyke International Holdings Ltd","Unknown","HKSE"
"1999.HK","Man Wah Holdings Limited","Unknown","HKSE"
"2000.HK","SIM Technology Group Ltd","Unknown","HKSE"
"2002.HK","China Sunshine Paper Holdings Company Ltd","Unknown","HKSE"
"2005.HK","Lijun International Pharmaceutical (Holding) Co. Ltd","Unknown","HKSE"
"2006.HK","Shanghai Jin Jiang Int'l Hotels (Group) Co. Ltd","Unknown","HKSE"
"2007.HK","Country Garden Holdings Company Ltd","Unknown","HKSE"
"2008.HK","Phoenix Satellite Television Holdings","Unknown","HKSE"
"2009.HK","BBMG Corp","Unknown","HKSE"
"2010.HK","RUINIAN","Unknown","HKSE"
"2011.HK","Kee Holdings Co Ltd","Unknown","HKSE"
"2012.HK","Sunshine Oilsands Ltd","Unknown","HKSE"
"2018.HK","AAC Acoustic Technologies Holdings Inc.","Unknown","HKSE"
"2020.HK","Anta Sports","Unknown","HKSE"
"2038.HK","Foxconn International Holdings Ltd","Unknown","HKSE"
"2083.HK","China Flooring Holding Co Ltd","Unknown","HKSE"
"2088.HK","Xiwang Sugar Holdings Co. Ltd","Unknown","HKSE"
"2098.HK","Zall Development Group Ltd","Unknown","HKSE"
"2099.HK","China Gold International Resources Corp","Unknown","HKSE"
"2118.HK","Credit Suisse - BOC HK Euro (AR) Wts Jan 2007","Unknown","HKSE"
"2128.HK","ABN AMRO Bank N.V. - CC Bank European Warrants Sep 2006 B","Unknown","HKSE"
"2133.HK","China Polymetallic Mining","Unknown","HKSE"
"2168.HK","UBS AG - Jiangxi Copper European Warrants Dec 2006","Unknown","HKSE"
"2188.HK","China Titans Energy Technology Group Co","Unknown","HKSE"
"2198.HK","SGA Societe Generale Acceptance N.V. - Ch Tel Eur Wt Oct 06","Unknown","HKSE"
"2200.HK","Hosa International","Unknown","HKSE"
"2208.HK","Macquarie Bank Ltd. - HSBC European Warrants Mar 2007 B","Unknown","HKSE"
"2218.HK","Credit Suisse-sinopec Corp Ec0111","Unknown","HKSE"
"2228.HK","Credit Suisse-new World Dev Ec0112","Unknown","HKSE"
"2233.HK","West China Cement Ltd","Unknown","HKSE"
"2238.HK","Guangzhou Automobile","Unknown","HKSE"
"2266.HK","Macquarie Bank Ltd - CCB European Warrants Sep 2006","Unknown","HKSE"
"2268.HK","Youyuan International Holdings Limited","Unknown","HKSE"
"2282.HK","Sga Societe Gen-china Mobile Ec0110","Unknown","HKSE"
"2288.HK","SGA Societe Generale Acceptance N.V. - Ping An Eur Wt Apr 07","Unknown","HKSE"
"2299.HK","Billion Industrial Holdings Lim","Unknown","HKSE"
"2300.HK","AMVIG Holdings","Unknown","HKSE"
"2302.HK","United Metals Holdings Ltd","Unknown","HKSE"
"2307.HK","Kam Hing International Holdings Ltd","Unknown","HKSE"
"2310.HK","Kwang Sung Electronics H.K. Co. Ltd","Unknown","HKSE"
"2312.HK","China Finance Leasing","Unknown","HKSE"
"2313.HK","Shenzhou International Group Holdings Ltd","Unknown","HKSE"
"2314.HK","Lee & Man Paper Manufacturing Ltd","Unknown","HKSE"
"2317.HK","Vedan International (Holdings) Ltd","Unknown","HKSE"
"2318.HK","Ping An Insurance (Group) Co. of China Ltd","Unknown","HKSE"
"2319.HK","Mengniu Dairy","Unknown","HKSE"
"2320.HK","Hop Fung Group Holdings Ltd","Unknown","HKSE"
"2322.HK","Sam Woo Holdings Ltd","Unknown","HKSE"
"2324.HK","Sino Katalytics Investment Corporation","Unknown","HKSE"
"2327.HK","Jiwa Bio-Pharm Holdings Ltd","Unknown","HKSE"
"2328.HK","PICC Property and Casualty Co. Ltd","Unknown","HKSE"
"2331.HK","Li Ning Co. Ltd","Unknown","HKSE"
"2333.HK","Great Wall Motor Co. Ltd","Unknown","HKSE"
"2338.HK","Weichai Power Co. Ltd","Unknown","HKSE"
"2340.HK","Synergis Holdings Ltd","Unknown","HKSE"
"2341.HK","EcoGreen Fine Chemicals Group Ltd","Unknown","HKSE"
"2342.HK","Comba Telecom Systems Holdings Ltd","Unknown","HKSE"
"2343.HK","Pacific Basin Shipping Ltd","Unknown","HKSE"
"2345.HK","Shanghai Prime Machinery Co. Ltd","Unknown","HKSE"
"2348.HK","Dawnrays Pharmaceutical (Holdings) Ltd","Unknown","HKSE"
"2349.HK","Wah Yuen Holdings Ltd","Unknown","HKSE"
"2355.HK","Baoye Group Co. Ltd","Unknown","HKSE"
"2356.HK","Dah Sing Banking Group Ltd","Unknown","HKSE"
"2357.HK","AviChina Industry & Technology Co. Ltd","Unknown","HKSE"
"2362.HK","Signal Media and Communications Holdings Ltd","Unknown","HKSE"
"2366.HK","Qin Jia Yuan Media Services Co. Ltd","Unknown","HKSE"
"2369.HK","China Wireless Technologies Ltd","Unknown","HKSE"
"2371.HK","ZZNode Technologies Co. Ltd","Unknown","HKSE"
"2378.HK","PRU","Unknown","HKSE"
"2379.HK","Zhongtian International Ltd","Unknown","HKSE"
"2380.HK","China Power International Development Ltd","Unknown","HKSE"
"2382.HK","Sunny Optical Technology (Group) Ltd","Unknown","HKSE"
"2383.HK","TOM Group Ltd","Unknown","HKSE"
"2388.HK","BOC Hong Kong (Holdings) Ltd","Unknown","HKSE"
"2389.HK","Wang Sing International Holdings Group Ltd","Unknown","HKSE"
"2398.HK","Good Friend International Holdings Inc.","Unknown","HKSE"
"2600.HK","Aluminum Corporation of China Ltd","Unknown","HKSE"
"2601.HK","China Pacific Insurance (Group) Co Ltd","Unknown","HKSE"
"2607.HK","Shanghai Pharmaceuticals Holding Co Ltd","Unknown","HKSE"
"2618.HK","TCL Communication Technology Holdings Ltd","Unknown","HKSE"
"2623.HK","China Zhongsheng Resources Holdings Ltd","Unknown","HKSE"
"2626.HK","Hunan Nonferrous Metals Corporation Ltd","Unknown","HKSE"
"2628.HK","China Life Insurance Co. Ltd","Unknown","HKSE"
"2662.HK","Fittec International Group Ltd","Unknown","HKSE"
"2678.HK","Texhong Textile Group Ltd","Unknown","HKSE"
"2688.HK","XinAo Gas Holdings Ltd","Unknown","HKSE"
"2689.HK","Nine Dragons Paper (Holdings) Ltd","Unknown","HKSE"
"2698.HK","Weiqiao Textile Co. Ltd","Unknown","HKSE"
"2722.HK","Chongqing Machinery & Electric Ltd","Unknown","HKSE"
"2727.HK","Shanghai Electric Group Co. Ltd","Unknown","HKSE"
"2728.HK","Shinhint Acoustic Link Holdings Ltd","Unknown","HKSE"
"2777.HK","Guangzhou R&F Properties Co. Ltd","Unknown","HKSE"
"2778.HK","Champion Real Estate Investment Trust","Unknown","HKSE"
"2788.HK","Yorkey Optical International (Cayman) Ltd","Unknown","HKSE"
"2789.HK","Yuanda China Holdings Ltd","Unknown","HKSE"
"2800.HK","Tracker Fund of Hong Kong","Unknown","HKSE"
"2801.HK","iShares MSCI China Tracker","Unknown","HKSE"
"2802.HK","iShares EM Asia","Unknown","HKSE"
"2803.HK","Lyxoretf Rafius","Unknown","HKSE"
"2806.HK","Lyxoretf Rafius","Unknown","HKSE"
"2809.HK","Lyxoretf CMDTY","Unknown","HKSE"
"2812.HK","Lyxoretf World","Unknown","HKSE"
"2813.HK","Lyxoretf Korea","Unknown","HKSE"
"2814.HK","Lyxoretf Japan","Unknown","HKSE"
"2815.HK","Lyxoretf Apej","Unknown","HKSE"
"2820.HK","Lyxoretf Emgmkt","Unknown","HKSE"
"2821.HK","ABF Pan Asia Bond Index Fund","Unknown","HKSE"
"2823.HK","iShares FTSE/Xinhua A50 China Tracker","Unknown","HKSE"
"2826.HK","Lyxoretf NASDAQ","Unknown","HKSE"
"2827.HK","Wise CSI200 EFT","Unknown","HKSE"
"2828.HK","Hang Seng H-Share Index ETF","Unknown","HKSE"
"2829.HK","iShares A Fin","Unknown","HKSE"
"2831.HK","Lyxoretf Russia","Unknown","HKSE"
"2833.HK","Hang Seng Index ETF","Unknown","HKSE"
"2836.HK","iShares India","Unknown","HKSE"
"2837.HK","Lyxoretf Taiwan","Unknown","HKSE"
"2838.HK","Hang Seng FTSE/Xinhua China 25 Index ETF","Unknown","HKSE"
"2840.HK","SPDR GOLD TRUST","Unknown","HKSE"
"2844.HK","X DBCSI300FIN","Unknown","HKSE"
"2846.HK","iShares CSI 300","Unknown","HKSE"
"2866.HK","China Shipping Container Lines Co. Ltd","Unknown","HKSE"
"2868.HK","Beijing Capital Land Ltd","Unknown","HKSE"
"2877.HK","China Shineway Pharmaceutical Group Ltd","Unknown","HKSE"
"2878.HK","Solomon Systech (International) Ltd","Unknown","HKSE"
"2880.HK","Dalian Port (PDA) Co. Ltd","Unknown","HKSE"
"2882.HK","Ocean Grand Chemicals Holdings Ltd","Unknown","HKSE"
"2883.HK","China Oilfield Services Ltd","Unknown","HKSE"
"2888.HK","Standard Chartered PLC","Unknown","HKSE"
"2889.HK","China Special Steel Holdings Co. Ltd","Unknown","HKSE"
"2898.HK","Long Far Pharmaceutical Holdings Ltd","Unknown","HKSE"
"2899.HK","Zijin Mining Group Co. Ltd","Unknown","HKSE"
"3300.HK","China Glass Holdings Ltd","Unknown","HKSE"
"3303.HK","Jutal Offshore Oil Services Ltd","Unknown","HKSE"
"3308.HK","Golden Eagle Retail Group Ltd","Unknown","HKSE"
"3311.HK","China State Construction International Holdings Ltd","Unknown","HKSE"
"3318.HK","China Flavors and Fragrances Co. Ltd","Unknown","HKSE"
"3322.HK","Win Hanverky Holdings Ltd","Unknown","HKSE"
"3323.HK","China National Building Material Co. Ltd","Unknown","HKSE"
"3328.HK","Bank of Communications Co. Ltd","Unknown","HKSE"
"3330.HK","Lingbao Gold Co. Ltd","Unknown","HKSE"
"3331.HK","Vinda International Holdings Ltd","Unknown","HKSE"
"3333.HK","Evergrande","Unknown","HKSE"
"3335.HK","DBA Telecommunication (Asia) Holdings Ltd","Unknown","HKSE"
"3336.HK","Ju Teng International Holdings Ltd","Unknown","HKSE"
"3337.HK","Anton Oilfield Services Group","Unknown","HKSE"
"3339.HK","Lonking","Unknown","HKSE"
"3344.HK","Addchance Holdings Ltd","Unknown","HKSE"
"3355.HK","Advanced Semiconductor Manufacturing Corporation Ltd -H Shs","Unknown","HKSE"
"3360.HK","Far East Horizon Ltd","Unknown","HKSE"
"3366.HK","Huali Holdings (Group) Ltd","Unknown","HKSE"
"3368.HK","Parkson Retail Group Ltd","Unknown","HKSE"
"3377.HK","Sino-Ocean Land Holdings","Unknown","HKSE"
"3378.HK","Xiamen International Port Co. Ltd","Unknown","HKSE"
"3382.HK","Tianjin Port Development Holdings Ltd","Unknown","HKSE"
"3383.HK","Agile Property Holdings Ltd","Unknown","HKSE"
"3389.HK","Hengdeli Holding","Unknown","HKSE"
"3393.HK","Wasion Meters Group Ltd","Unknown","HKSE"
"3398.HK","China Ting Group Holdings Ltd","Unknown","HKSE"
"3399.HK","Guangdong Nan Yue Logistics Co. Ltd","Unknown","HKSE"
"3618.HK","Chongqing Rural Commerical Bank Ltd","Unknown","HKSE"
"3683.HK","CC Rabobank B.A. - Hutchison European Warrants Apr 2007","Unknown","HKSE"
"3688.HK","Top Spring International Holdings Ltd","Unknown","HKSE"
"3777.HK","China Fiber Optic Network System Group","Unknown","HKSE"
"3778.HK","China Weaving Materials Holdings Ltd","Unknown","HKSE"
"3788.HK","China Hanking Holdings Ltd","Unknown","HKSE"
"3800.HK","GCL-Poly Energy","Unknown","HKSE"
"3808.HK","Sinotruk (Hong Kong) Ltd","Unknown","HKSE"
"3813.HK","ABN AMRO Bank N.V. - Sinopec Corp European Wts Nov 2006 C","Unknown","HKSE"
"3818.HK","China Dongxiang (Group) Ltd","Unknown","HKSE"
"3823.HK","Macquarie Bank Ltd - HSI European Warrants Nov 2006","Unknown","HKSE"
"3828.HK","Macquarie Bank Ltd - Denway European Warrants Nov 2006","Unknown","HKSE"
"3833.HK","SGA Societe Generale Acceptance N.V. - PetCh Eu Wt Nov 06 A","Unknown","HKSE"
"3838.HK","HK Bank - Jiangxi Copper European Warrants Jan 2007","Unknown","HKSE"
"3883.HK","KBC Fin Products Int'l Ltd - HSBC European Wts Dec 2006 C","Unknown","HKSE"
"3886.HK","Macquarie Bank Ltd - Ch Life European Warrants Dec 2007 B","Unknown","HKSE"
"3888.HK","Kingsoft","Unknown","HKSE"
"3889.HK","KBC Fin Products Int'l Ltd - Ch Life Euro Wts Nov 2006 A","Unknown","HKSE"
"3898.HK","Zhuzhou CSR Times Electric Ltd","Unknown","HKSE"
"3899.HK","Enric Energy Equipment Holdings Ltd","Unknown","HKSE"
"3900.HK","Greentown China Holdings Ltd","Unknown","HKSE"
"3918.HK","Nagacorp Ltd","Unknown","HKSE"
"3933.HK","The United Laboratories International Holdings Ltd","Unknown","HKSE"
"3968.HK","China Merchants Bank Co","Unknown","HKSE"
"3983.HK","China Bluechemical Ltd","Unknown","HKSE"
"3988.HK","Bank of China Ltd","Unknown","HKSE"
"3989.HK","Hembly International Holdings Ltd","Unknown","HKSE"
"3993.HK","China Molybdenum Ltd","Unknown","HKSE"
"3998.HK","Bosideng International Holdings Ltd","Unknown","HKSE"
"3999.HK","DaChan Food (Asia) Ltd","Unknown","HKSE"
"6030.HK","CITIC Securities Co Ltd","Unknown","HKSE"
"6210.HK","VALE COMMON-DRS","Unknown","HKSE"
"6808.HK","Sun Art Retail Group Ltd","Unknown","HKSE"
"6823.HK","HKT Trust","Unknown","HKSE"
"6828.HK","C PRINT POWER","Unknown","HKSE"
"6830.HK","Huazhong Holdings Co Ltd","Unknown","HKSE"
"6837.HK","Haitong Securities Co Ltd","Unknown","HKSE"
"6838.HK","Winox Holdings Ltd","Unknown","HKSE"
"6868.HK","Tenfu (Cayman) Holdings Co Ltd","Unknown","HKSE"
"6880.HK","OTO Holdings Ltd","Unknown","HKSE"
"6883.HK","MELCO CROWN","Unknown","HKSE"
"8003.HK","T S Telecom Technologies","Unknown","HKSE"
"8005.HK","Yuxing Infotech Holdings","Unknown","HKSE"
"8006.HK","China.com Inc","Unknown","HKSE"
"8007.HK","Digitalhongkong.com","Unknown","HKSE"
"8008.HK","Sunevision Holdings","Unknown","HKSE"
"8009.HK","Imerchants","Unknown","HKSE"
"8011.HK","China Agrotech Holdings","Unknown","HKSE"
"8012.HK","Far Eastern Polychem Industries","Unknown","HKSE"
"8020.HK","Wanasports Holdings Ltd","Unknown","HKSE"
"8021.HK","WLS Holdings Ltd","Unknown","HKSE"
"8022.HK","Argos Enterprise (holdings)","Unknown","HKSE"
"8025.HK","Asian Information Resources (holding) Ltd","Unknown","HKSE"
"8028.HK","Timeless Software","Unknown","HKSE"
"8030.HK","Digitel Group","Unknown","HKSE"
"8032.HK","Greaterchina Technology Group","Unknown","HKSE"
"8033.HK","Vodatel Networks Holdings","Unknown","HKSE"
"8035.HK","Wah Sang Gas Holdings","Unknown","HKSE"
"8037.HK","LONGLIFE GROUP","Unknown","HKSE"
"8041.HK","Intcera High Tech Group","Unknown","HKSE"
"8045.HK","Jiangsu Nandasoft Company","Unknown","HKSE"
"8046.HK","Tiger Tech Holdings Ltd","Unknown","HKSE"
"8049.HK","Jilin Prov Huinan Changlong Bio-pharma","Unknown","HKSE"
"8053.HK","A & K Educational Software Holdings","Unknown","HKSE"
"8055.HK","Prosticks International Holdings Ltd","Unknown","HKSE"
"8058.HK","Shandong Luoxin Pharmacy Stock Co  Ltd","Unknown","HKSE"
"8060.HK","Global Link Communications Holdings","Unknown","HKSE"
"8063.HK","Trasy Gold Ex","Unknown","HKSE"
"8068.HK","Smartech Digital Manufacturing Holdltd","Unknown","HKSE"
"8071.HK","E-silkroad Holdings","Unknown","HKSE"
"8075.HK","Rojam Entertainment Holdings","Unknown","HKSE"
"8076.HK","Sing Lee Software (group)","Unknown","HKSE"
"8078.HK","Emperor Entertainment Group","Unknown","HKSE"
"8079.HK","Rainbow International Holdings","Unknown","HKSE"
"8080.HK","Isteelasia.com","Unknown","HKSE"
"8081.HK","Computech Holdings","Unknown","HKSE"
"8083.HK","Syscan Technology Holdings","Unknown","HKSE"
"8085.HK","New Chinese Medicine Holdings Ltd","Unknown","HKSE"
"8086.HK","Epro","Unknown","HKSE"
"8088.HK","Techpacific.com","Unknown","HKSE"
"8089.HK","Proactive Technology Holdings","Unknown","HKSE"
"8090.HK","Evi Education Asia","Unknown","HKSE"
"8092.HK","Ite (holdings)","Unknown","HKSE"
"8095.HK","Beijing Beida Jade Bird Universal Sci","Unknown","HKSE"
"8096.HK","Thinsoft Holdings Ins","Unknown","HKSE"
"8102.HK","Shanghai Fudan Microelectronics Co Ltd","Unknown","HKSE"
"8103.HK","Systek Information Tech (holdings) Ltd","Unknown","HKSE"
"8108.HK","Grandmass Enterprise Solution","Unknown","HKSE"
"8111.HK","Soluteck Holdings","Unknown","HKSE"
"8112.HK","Focus Media","Unknown","HKSE"
"8116.HK","Neolink Cyber Technology (holding) Ltd","Unknown","HKSE"
"8117.HK","China Advance Holding Ltd","Unknown","HKSE"
"8119.HK","Thiz Technology Group","Unknown","HKSE"
"8122.HK","Cash Financial Services Group","Unknown","HKSE"
"8123.HK","StockMartnet Holdings Ltd","Unknown","HKSE"
"8126.HK","G A Holdings Ltd","Unknown","HKSE"
"8128.HK","IIN International Ltd","Unknown","HKSE"
"8130.HK","Milkyway Image Holdings Ltd","Unknown","HKSE"
"8131.HK","Abc Multiactive","Unknown","HKSE"
"8132.HK","Panva Gas Holdings","Unknown","HKSE"
"8137.HK","Jessica Publications Ltd","Unknown","HKSE"
"8153.HK","M21 Technology","Unknown","HKSE"
"8155.HK","Capital Publications Ltd","Unknown","HKSE"
"8156.HK","B&B Group Holdings Ltd","Unknown","HKSE"
"8158.HK","Bm Intelligence International","Unknown","HKSE"
"8159.HK","Glory Mark Hitech Holdings Ltd","Unknown","HKSE"
"8160.HK","Medination Inc","Unknown","HKSE"
"8161.HK","China Lotsynergy Holdings Ltd","Unknown","HKSE"
"8163.HK","Tradeeasy Holdings Ltd","Unknown","HKSE"
"8165.HK","Jian ePayment Systems Ltd","Unknown","HKSE"
"8167.HK","B&S Entertainment Holdings Ltd","Unknown","HKSE"
"8169.HK","Eco Tek Holdings Ltd","Unknown","HKSE"
"8171.HK","Quasar Communications Tech Holdings","Unknown","HKSE"
"8175.HK","Kanhan Technologies Group Ltd","Unknown","HKSE"
"8179.HK","AKuP International Holdings Ltd","Unknown","HKSE"
"8186.HK","Medical China Ltd","Unknown","HKSE"
"8189.HK","Tianjin TEDA Biomedical","Unknown","HKSE"
"8190.HK","Golding Soft Ltd","Unknown","HKSE"
"8192.HK","AGL Mediatech Holding Ltd","Unknown","HKSE"
"8197.HK","Northeast Tiger Pharmaceutical","Unknown","HKSE"
"8200.HK","Sau San Tong Holdings Ltd","Unknown","HKSE"
"8203.HK","Ultra Group Holdings Ltd","Unknown","HKSE"
"8206.HK","HK6 Holding Ltd","Unknown","HKSE"
"8207.HK","Credit China Holdings Ltd","Unknown","HKSE"
"8208.HK","Changmao Biochemical","Unknown","HKSE"
"8213.HK","Armitage Technologies Holdings Ltd","Unknown","HKSE"
"8215.HK","First Credit Holdings","Unknown","HKSE"
"8217.HK","CMA Logistics Ltd","Unknown","HKSE"
"8219.HK","Branding China Group Ltd","Unknown","HKSE"
"8220.HK","Vaso Digital International Holdings Ltd","Unknown","HKSE"
"8226.HK","Sonavox International Holdings Ltd","Unknown","HKSE"
"8231.HK","Shanhai Fudan Zhangjiang Bio","Unknown","HKSE"
"8235.HK","CCID Consulting Co Ltd","Unknown","HKSE"
"8236.HK","Powerleader Science & Tech","Unknown","HKSE"
"8239.HK","MP Logistics International Holdings Ltd","Unknown","HKSE"
"8243.HK","Dahe Media Co Ltd","Unknown","HKSE"
"8246.HK","Noble House (China) Holdings Ltd","Unknown","HKSE"
"8256.HK","Netel Technology Holdings Ltd","Unknown","HKSE"
"8258.HK","Shaanxi Northwest New Technology","Unknown","HKSE"
"8265.HK","Powerwell Pacific Holdings Ltd","Unknown","HKSE"
"8266.HK","Mobile Telecom NetworkHoldings Ltd","Unknown","HKSE"
"8269.HK","Wealth Glory Holdings Ltd","Unknown","HKSE"
"8271.HK","Global Digital Creations Holdings","Unknown","HKSE"
"8279.HK","Megainto Holdings Ltd","Unknown","HKSE"
"8292.HK","HC International Inc","Unknown","HKSE"
"8295.HK","Asian Capital Holdings Limited","Unknown","HKSE"
"8296.HK","Sino-Life Group Ltd","Unknown","HKSE"
"8301.HK","Shenzhen Mingwah Aohan","Unknown","HKSE"
"8306.HK","Sungreen International Holdings Ltd","Unknown","HKSE"
"8317.HK","Finet Group Ltd","Unknown","HKSE"
"8321.HK","China Automotive Interior","Unknown","HKSE"
"8329.HK","Shenzhen Neptunus Interlong Bio-Tech","Unknown","HKSE"
"8351.HK","36.com Holdings W0207","Unknown","HKSE"
