<?xml version="1.0" encoding="UTF-8"?>
<feature
      id="com.tictactec.ta.lib"
      label="Technical Analysis Library"
      version="0.4.0.R20070915"
      provider-name="EclipseTrader.org"
      plugin="com.tictactec.ta.lib">

   <description>
      %description
   </description>

   <copyright>
      %copyright
   </copyright>

   <license url="%licenseURL">
      %license
   </license>

   <url>
      <update label="Main Update Site" url="http://www.eclipsetrader.org/updates"/>
      <discovery label="Sourceforge.net" url="http://eclipsetrader.sourceforge.net/updates"/>
   </url>

   <plugin
         id="com.tictactec.ta.lib"
         download-size="0"
         install-size="0"
         version="0.4.0.R20070915"
         unpack="false"/>

</feature>
