<?xml version="1.0" encoding="UTF-8"?>
<feature
      id="org.htmlparser"
      label="HTML Parser Library"
      version="1.6.0.R20060319"
      provider-name="EclipseTrader.org">

   <description>
      %description
   </description>

   <copyright>
      %copyright
   </copyright>

   <license>
      %license
   </license>

   <url>
      <update label="EclipseTrader Update Site" url="http://www.eclipsetrader.org/updates"/>
      <discovery label="Sourceforge.net" url="http://eclipsetrader.sourceforge.net/updates"/>
   </url>

   <plugin
         id="org.htmlparser"
         download-size="0"
         install-size="0"
         version="1.6.0.R20060319"
         unpack="false"/>

</feature>
