"Code","Symbol","Industry","Board"
"058220.KQ","ARION","Unknown","KOSDAQ"
"036180.KQ","YOUNG IN F.T","Unknown","KOSDAQ"
"052310.KQ","H1BIO","Unknown","KOSDAQ"
"078140.KQ","Daebongls","Unknown","KOSDAQ"
"036480.KQ","DSMBIO","Unknown","KOSDAQ"
"033430.KQ","NEXSCIEN","Unknown","KOSDAQ"
"037550.KQ","Clustar","Unknown","KOSDAQ"
"032280.KQ","SamIl","Unknown","KOSDAQ"
"030190.KQ","kisinfo","Unknown","KOSDAQ"
"091970.KQ","Nano Chem Tech","Unknown","KOSDAQ"
"044060.KQ","JOKWANG ILI","Unknown","KOSDAQ"
"085670.KQ","NEWFLEX","Unknown","KOSDAQ"
"020560.KQ","020560.KQ","Unknown","Unknown"
"050050.KQ","UI Energy Corp.","Unknown","KOSDAQ"
"092460.KQ","HANLA","Unknown","KOSDAQ"
"039310.KQ","SJNT","Unknown","KOSDAQ"
"035600.KQ","INICIS","Unknown","KOSDAQ"
"035810.KQ","EASY BIO","Unknown","KOSDAQ"
"080570.KQ","ICC","Unknown","KOSDAQ"
"030960.KQ","Yangjisa","Unknown","KOSDAQ"
"039340.KQ","WOW","Unknown","KOSDAQ"
"040610.KQ","SG&G","Unknown","KOSDAQ"
"080140.KQ","LUMEND","Unknown","KOSDAQ"
"054920.KQ","SoftForum","Unknown","KOSDAQ"
"014100.KQ","BRM","Unknown","KOSDAQ"
"012650.KQ","SsangyongE&C","Unknown","KOSDAQ"
"043100.KQ","SOLCO","Unknown","KOSDAQ"
"047080.KQ","HBS","Unknown","KOSDAQ"
"035950.KQ","KR","Unknown","KOSDAQ"
"025320.KQ","Synopex","Unknown","KOSDAQ"
"071360.KQ","NHE","Unknown","KOSDAQ"
"058480.KQ","HAE WON S.T","Unknown","KOSDAQ"
"017650.KQ","DaelimPaper","Unknown","KOSDAQ"
"065350.KQ","SSDELTATECH","Unknown","KOSDAQ"
"036490.KQ","SODIFF","Unknown","KOSDAQ"
"051490.KQ","NARA M&D","Unknown","KOSDAQ"
"065560.KQ","SUNDOSOFT","Unknown","KOSDAQ"
"059090.KQ","KoMiCo","Unknown","KOSDAQ"
"048260.KQ","OSSTEMIMPLANT","Unknown","KOSDAQ"
"034230.KQ","Paradise","Unknown","KOSDAQ"
"008830.KQ","DaedongGear","Unknown","KOSDAQ"
"042940.KQ","LENECO","Unknown","KOSDAQ"
"019640.KQ","HEEHOON D&G","Unknown","KOSDAQ"
"026230.KQ","IDH","Unknown","KOSDAQ"
"043370.KQ","PHA","Unknown","KOSDAQ"
"022520.KQ","KIC","Unknown","KOSDAQ"
"032620.KQ","UBCARE","Unknown","KOSDAQ"
"044640.KQ","Dongbu CNI","Unknown","KOSDAQ"
"040670.KQ","WISEPOWER CO.LTD","Unknown","KOSDAQ"
"037320.KQ","SLGREEN","Unknown","KOSDAQ"
"005860.KQ","HanilFeed","Unknown","KOSDAQ"
"038320.KQ","Oullim","Unknown","KOSDAQ"
"048510.KQ","Testech","Unknown","KOSDAQ"
"089150.KQ","KCI","Unknown","KOSDAQ"
"038530.KQ","CoreCross","Unknown","KOSDAQ"
"015050.KQ","Visionhightech","Unknown","KOSDAQ"
"017000.KQ","ShinwonConst","Unknown","KOSDAQ"
"023900.KQ","Pungguk","Unknown","KOSDAQ"
"046400.KQ","DVS","Unknown","KOSDAQ"
"008800.KQ","Haengnam","Unknown","KOSDAQ"
"035460.KQ","KisanTelecom","Unknown","KOSDAQ"
"043200.KQ","PARU","Unknown","KOSDAQ"
"019210.KQ","YG-1","Unknown","KOSDAQ"
"012790.KQ","Shinil Pharm","Unknown","KOSDAQ"
"065180.KQ","Isaac","Unknown","KOSDAQ"
"060150.KQ","INSUN ENT","Unknown","KOSDAQ"
"072530.KQ","SMT","Unknown","KOSDAQ"
"066270.KQ","SK Comms","Unknown","KOSDAQ"
"085370.KQ","Lutronic","Unknown","KOSDAQ"
"060670.KQ","SUNTRONIX","Unknown","KOSDAQ"
"036010.KQ","ABEL","Unknown","KOSDAQ"
"092730.KQ","Neopharm","Unknown","KOSDAQ"
"033885.KQ","Grandport(1P)","Unknown","KOSDAQ"
"031310.KQ","EYESVISION","Unknown","KOSDAQ"
"032960.KQ","DongilTech","Unknown","KOSDAQ"
"034750.KQ","034750.KQ","Unknown","Unknown"
"052270.KQ","HANDAN","Unknown","KOSDAQ"
"064550.KQ","BIONEER","Unknown","KOSDAQ"
"053350.KQ","INITECH","Unknown","KOSDAQ"
"032685.KQ","BTCKorea(1P)","Unknown","KOSDAQ"
"068060.KQ","KCW","Unknown","KOSDAQ"
"061250.KQ","HWAIL PHARM","Unknown","KOSDAQ"
"015170.KQ","CHOONGANGBIO","Unknown","KOSDAQ"
"051810.KQ","MOBO","Unknown","KOSDAQ"
"025460.KQ","FANTOMENT","Unknown","KOSDAQ"
"094850.KQ","Very Good Leisure","Unknown","KOSDAQ"
"036550.KQ","ACE DIGITECH","Unknown","KOSDAQ"
"036760.KQ","KNS HOLDINGS","Unknown","KOSDAQ"
"075130.KQ","PLANTYNET","Unknown","KOSDAQ"
"033050.KQ","JMI","Unknown","KOSDAQ"
"083550.KQ","KM","Unknown","KOSDAQ"
"047600.KQ","SEGYE TOUR","Unknown","KOSDAQ"
"049000.KQ","yedang","Unknown","KOSDAQ"
"056020.KQ","CUL 2","Unknown","KOSDAQ"
"031860.KQ","A-motion","Unknown","KOSDAQ"
"028300.KQ","INNO GDN","Unknown","KOSDAQ"
"046720.KQ","NHT","Unknown","KOSDAQ"
"069080.KQ","Webzen","Unknown","KOSDAQ"
"065420.KQ","MI","Unknown","KOSDAQ"
"044770.KQ","AMS","Unknown","KOSDAQ"
"004320.KQ","ULTRA CON","Unknown","KOSDAQ"
"032750.KQ","Samjin","Unknown","KOSDAQ"
"057500.KQ","SOLMICS","Unknown","KOSDAQ"
"016990.KQ","LGM","Unknown","KOSDAQ"
"066980.KQ","HICEL","Unknown","KOSDAQ"
"024060.KQ","Heungu","Unknown","KOSDAQ"
"066200.KQ","InnoBlue","Unknown","KOSDAQ"
"032800.KQ","G Learning","Unknown","KOSDAQ"
"041190.KQ","WTIC","Unknown","KOSDAQ"
"088800.KQ","ACE ANTENNA","Unknown","KOSDAQ"
"048410.KQ","HDIT","Unknown","KOSDAQ"
"078160.KQ","MEDIPOST","Unknown","KOSDAQ"
"037110.KQ","JS","Unknown","KOSDAQ"
"052420.KQ","OSUNG LST","Unknown","KOSDAQ"
"088020.KQ","Pentamicro","Unknown","KOSDAQ"
"036420.KQ","ISPLUS","Unknown","KOSDAQ"
"053450.KQ","SEKONIX","Unknown","KOSDAQ"
"025920.KQ","Wookyung","Unknown","KOSDAQ"
"074150.KQ","CHenergeering","Unknown","KOSDAQ"
"066850.KQ","IOCELL","Unknown","KOSDAQ"
"086390.KQ","UniTest","Unknown","KOSDAQ"
"007330.KQ","PUREUN S.BK.","Unknown","KOSDAQ"
"078350.KQ","HANYANG DIGI","Unknown","KOSDAQ"
"038810.KQ","POIBOS","Unknown","KOSDAQ"
"034010.KQ","Hwakin","Unknown","KOSDAQ"
"064090.KQ","Huviron","Unknown","KOSDAQ"
"060250.KQ","KCP","Unknown","KOSDAQ"
"041450.KQ","INNET","Unknown","KOSDAQ"
"039490.KQ","KIWOOM","Unknown","KOSDAQ"
"024910.KQ","Kyungchang","Unknown","KOSDAQ"
"054150.KQ","Ener Life","Unknown","KOSDAQ"
"082390.KQ","PLA","Unknown","KOSDAQ"
"031330.KQ","SAMT","Unknown","KOSDAQ"
"037230.KQ","HKPAK","Unknown","KOSDAQ"
"045760.KQ","045760.KQ","Unknown","Unknown"
"033880.KQ","Grandport","Unknown","KOSDAQ"
"017250.KQ","Interm","Unknown","KOSDAQ"
"041550.KQ","CERATECH","Unknown","KOSDAQ"
"054170.KQ","ENBIGS","Unknown","KOSDAQ"
"049470.KQ","SG Advantech","Unknown","KOSDAQ"
"080440.KQ","M.A.T","Unknown","KOSDAQ"
"060750.KQ","Jcom","Unknown","KOSDAQ"
"045290.KQ","JeKang Holdings","Unknown","KOSDAQ"
"065170.KQ","NRD","Unknown","KOSDAQ"
"035900.KQ","J.Tune","Unknown","KOSDAQ"
"011080.KQ","Woosung I&C","Unknown","KOSDAQ"
"078670.KQ","ARGUS","Unknown","KOSDAQ"
"066130.KQ","HAATZ","Unknown","KOSDAQ"
"038830.KQ","KMS","Unknown","KOSDAQ"
"033630.KQ","SK broadband","Unknown","KOSDAQ"
"043590.KQ","CLOVER","Unknown","KOSDAQ"
"023440.KQ","JeilSteel","Unknown","KOSDAQ"
"016140.KQ","SeojooTour","Unknown","KOSDAQ"
"054670.KQ","DHNP","Unknown","KOSDAQ"
"046440.KQ","Mobilians","Unknown","KOSDAQ"
"033640.KQ","NEPES","Unknown","KOSDAQ"
"013810.KQ","Speco","Unknown","KOSDAQ"
"058420.KQ","CelrunSN","Unknown","KOSDAQ"
"049690.KQ","FORHUMAN","Unknown","KOSDAQ"
"078890.KQ","KAON Media","Unknown","KOSDAQ"
"071530.KQ","VODUSTM","Unknown","KOSDAQ"
"035450.KQ","NEXT CODE","Unknown","KOSDAQ"
"018310.KQ","Samokpico","Unknown","KOSDAQ"
"057680.KQ","Omnitel","Unknown","KOSDAQ"
"066310.KQ","QSI","Unknown","KOSDAQ"
"036000.KQ","WestechKorea","Unknown","KOSDAQ"
"061050.KQ","EURASIA R&T","Unknown","KOSDAQ"
"013720.KQ","CheongboInd","Unknown","KOSDAQ"
"015200.KQ","SungWonPipe","Unknown","KOSDAQ"
"013450.KQ","CHEMEX","Unknown","KOSDAQ"
"038690.KQ","ACE ELEC","Unknown","KOSDAQ"
"078860.KQ","POINT-I","Unknown","KOSDAQ"
"018680.KQ","SEOUL PHARMA","Unknown","KOSDAQ"
"021650.KQ","CUBIC KOREA","Unknown","KOSDAQ"
"073540.KQ","FRTEK","Unknown","KOSDAQ"
"044180.KQ","DAEWOO SOLAR","Unknown","KOSDAQ"
"017510.KQ","SemyungElec","Unknown","KOSDAQ"
"036690.KQ","COMMAX","Unknown","KOSDAQ"
"061460.KQ","Hanjin P&C","Unknown","KOSDAQ"
"009730.KQ","Dongshin SNT","Unknown","KOSDAQ"
"068930.KQ","Digital DS","Unknown","KOSDAQ"
"049430.KQ","KOMELON","Unknown","KOSDAQ"
"053060.KQ","SAE DONG","Unknown","KOSDAQ"
"005290.KQ","DONGJIN","Unknown","KOSDAQ"
"033160.KQ","MKElectron","Unknown","KOSDAQ"
"064760.KQ","TCK","Unknown","KOSDAQ"
"019990.KQ","MORGAN","Unknown","KOSDAQ"
"095660.KQ","NeoWiz Games","Unknown","KOSDAQ"
"015750.KQ","SW HITECH","Unknown","KOSDAQ"
"039010.KQ","HYUNDAI TEL","Unknown","KOSDAQ"
"014570.KQ","KOREAN DRUG","Unknown","KOSDAQ"
"049520.KQ","UIL","Unknown","KOSDAQ"
"031440.KQ","SF","Unknown","KOSDAQ"
"054090.KQ","SAMJIN LND","Unknown","KOSDAQ"
"079000.KQ","WATOS COREA","Unknown","KOSDAQ"
"039060.KQ","inBioNET","Unknown","KOSDAQ"
"051390.KQ","YWTC","Unknown","KOSDAQ"
"089480.KQ","PSM","Unknown","KOSDAQ"
"038060.KQ","LUMENS","Unknown","KOSDAQ"
"013990.KQ","AGABANG&CO","Unknown","KOSDAQ"
"052640.KQ","GENESIS","Unknown","KOSDAQ"
"066110.KQ","BAIKSAN OPC","Unknown","KOSDAQ"
"034510.KQ","MIC","Unknown","KOSDAQ"
"080160.KQ","MODETOUR","Unknown","KOSDAQ"
"051160.KQ","GAEASOFT","Unknown","KOSDAQ"
"048460.KQ","ACCURIS","Unknown","KOSDAQ"
"066790.KQ","CCS","Unknown","KOSDAQ"
"045060.KQ","OKONG Corp.","Unknown","KOSDAQ"
"021045.KQ","MIJU MATE(1P)","Unknown","KOSDAQ"
"011320.KQ","UNICK","Unknown","KOSDAQ"
"011040.KQ","KDPharm","Unknown","KOSDAQ"
"067160.KQ","NOWCOM","Unknown","KOSDAQ"
"036890.KQ","JINSUNG","Unknown","KOSDAQ"
"083640.KQ","Win4Net","Unknown","KOSDAQ"
"094480.KQ","VAROVISION","Unknown","KOSDAQ"
"039850.KQ","PHAROS E&I Co.Lt","Unknown","KOSDAQ"
"038010.KQ","JEIL TECHNOS","Unknown","KOSDAQ"
"053320.KQ","TeraResource","Unknown","KOSDAQ"
"038720.KQ","EGS","Unknown","KOSDAQ"
"054930.KQ","Yooshin","Unknown","KOSDAQ"
"036710.KQ","SIMMTECH","Unknown","KOSDAQ"
"054650.KQ","NewGen BIT","Unknown","KOSDAQ"
"033540.KQ","PARATEC","Unknown","KOSDAQ"
"000440.KQ","JA Enervis","Unknown","KOSDAQ"
"052670.KQ","CHEIL BIO","Unknown","KOSDAQ"
"054800.KQ","IDIS","Unknown","KOSDAQ"
"050090.KQ","PDE","Unknown","KOSDAQ"
"055250.KQ","DAHUI","Unknown","KOSDAQ"
"036640.KQ","HRS","Unknown","KOSDAQ"
"086520.KQ","ECOPRO","Unknown","KOSDAQ"
"013780.KQ","ACQUTEK S&T","Unknown","KOSDAQ"
"033280.KQ","NetSecureTec","Unknown","KOSDAQ"
"021320.KQ","KCC","Unknown","KOSDAQ"
"005710.KQ","Daewonsanup","Unknown","KOSDAQ"
"067310.KQ","Hana Micron","Unknown","KOSDAQ"
"053980.KQ","JAIEL IT","Unknown","KOSDAQ"
"033725.KQ","Blue Stone(1P)","Unknown","KOSDAQ"
"033330.KQ","033330.KQ","Unknown","Unknown"
"019120.KQ","KyungYoon","Unknown","KOSDAQ"
"053330.KQ","SEJI","Unknown","KOSDAQ"
"060280.KQ","CUREXO","Unknown","KOSDAQ"
"027710.KQ","DODRAMB&F","Unknown","KOSDAQ"
"026150.KQ","TSConstruct","Unknown","KOSDAQ"
"045050.KQ","CURIOUS","Unknown","KOSDAQ"
"041030.KQ","Iroonet","Unknown","KOSDAQ"
"002290.KQ","SamilEnt","Unknown","KOSDAQ"
"044340.KQ","WINIX","Unknown","KOSDAQ"
"055970.KQ","055970.KQ","Unknown","Unknown"
"045260.KQ","Enerland Co.","Unknown","KOSDAQ"
"049630.KQ","JAEYOUNG","Unknown","KOSDAQ"
"040160.KQ","NURI Telecom","Unknown","KOSDAQ"
"041830.KQ","Biospace","Unknown","KOSDAQ"
"054220.KQ","VitzroSys","Unknown","KOSDAQ"
"086060.KQ","GeneBioTech","Unknown","KOSDAQ"
"052650.KQ","JATY","Unknown","KOSDAQ"
"052210.KQ","Corecess","Unknown","KOSDAQ"
"013030.KQ","HY-LOKCO","Unknown","KOSDAQ"
"049550.KQ","InkTec","Unknown","KOSDAQ"
"054630.KQ","ADChips","Unknown","KOSDAQ"
"072520.KQ","TYE","Unknown","KOSDAQ"
"023670.KQ","BNR EnterpriseIn","Unknown","KOSDAQ"
"053040.KQ","MIJU C&I","Unknown","KOSDAQ"
"007640.KQ","HK.S.BANK","Unknown","KOSDAQ"
"039840.KQ","DIO","Unknown","KOSDAQ"
"056000.KQ","COWON","Unknown","KOSDAQ"
"017160.KQ","Kosf","Unknown","KOSDAQ"
"052190.KQ","SOFTMAX","Unknown","KOSDAQ"
"034660.KQ","GENEXEL","Unknown","KOSDAQ"
"023020.KQ","TY MAGIC","Unknown","KOSDAQ"
"052880.KQ","Q&S","Unknown","KOSDAQ"
"035480.KQ","HDT","Unknown","KOSDAQ"
"054780.KQ","KEYEAST","Unknown","KOSDAQ"
"086200.KQ","CNB","Unknown","KOSDAQ"
"024840.KQ","msc","Unknown","KOSDAQ"
"060370.KQ","KT Submarine","Unknown","KOSDAQ"
"037440.KQ","HEERIM","Unknown","KOSDAQ"
"006910.KQ","BOSUNG POWER","Unknown","KOSDAQ"
"041910.KQ","ESTECHPHARMA","Unknown","KOSDAQ"
"034830.KQ","KOREIT","Unknown","KOSDAQ"
"036630.KQ","ONSE TELECOM","Unknown","KOSDAQ"
"031390.KQ","INNOCELL","Unknown","KOSDAQ"
"083650.KQ","BUMWOO ENG","Unknown","KOSDAQ"
"065500.KQ","DJI","Unknown","KOSDAQ"
"037700.KQ","TOZAI Holdings","Unknown","KOSDAQ"
"043610.KQ","KTF Music","Unknown","KOSDAQ"
"017010.KQ","OVAL KOREA","Unknown","KOSDAQ"
"020710.KQ","SIGONG TECH","Unknown","KOSDAQ"
"036270.KQ","Hecenat","Unknown","KOSDAQ"
"089240.KQ","Monosolar","Unknown","KOSDAQ"
"078600.KQ","DAEJOO","Unknown","KOSDAQ"
"032980.KQ","Polyvision","Unknown","KOSDAQ"
"079870.KQ","SANYANG","Unknown","KOSDAQ"
"002670.KQ","MijuSteel","Unknown","KOSDAQ"
"024880.KQ","KPF","Unknown","KOSDAQ"
"039860.KQ","NanoenTek","Unknown","KOSDAQ"
"014970.KQ","Samryoong","Unknown","KOSDAQ"
"073640.KQ","SAM WON TECH","Unknown","KOSDAQ"
"003310.KQ","Daejoo","Unknown","KOSDAQ"
"023770.KQ","YNK KOREA","Unknown","KOSDAQ"
"040020.KQ","SARACOM","Unknown","KOSDAQ"
"036360.KQ","3SOFT","Unknown","KOSDAQ"
"045300.KQ","SUNGWOOTECH","Unknown","KOSDAQ"
"039290.KQ","InfoBank","Unknown","KOSDAQ"
"067280.KQ","Credu","Unknown","KOSDAQ"
"067080.KQ","DH PHARM","Unknown","KOSDAQ"
"058610.KQ","SPG","Unknown","KOSDAQ"
"043710.KQ","DASTEK","Unknown","KOSDAQ"
"041310.KQ","Mobilink","Unknown","KOSDAQ"
"053270.KQ","G.Y.TECH","Unknown","KOSDAQ"
"024800.KQ","YOOSUNG T&S","Unknown","KOSDAQ"
"046140.KQ","SBSi","Unknown","KOSDAQ"
"054180.KQ","MEGABION","Unknown","KOSDAQ"
"054620.KQ","KORNIC","Unknown","KOSDAQ"
"043260.KQ","SUNGHO","Unknown","KOSDAQ"
"048470.KQ","DAESCO","Unknown","KOSDAQ"
"032040.KQ","SinCheon","Unknown","KOSDAQ"
"007150.KQ","DongyangTele","Unknown","KOSDAQ"
"016100.KQ","SANSUNG P&C","Unknown","KOSDAQ"
"006920.KQ","Mohenz","Unknown","KOSDAQ"
"009520.KQ","SAMJUNGP&A","Unknown","KOSDAQ"
"010670.KQ","NanoTronix","Unknown","KOSDAQ"
"085660.KQ","DIOSTECH","Unknown","KOSDAQ"
"075970.KQ","DONGKUK R&S","Unknown","KOSDAQ"
"039980.KQ","LEENOS","Unknown","KOSDAQ"
"034600.KQ","Gloworks","Unknown","KOSDAQ"
"029480.KQ","KDC","Unknown","KOSDAQ"
"025770.KQ","KICC","Unknown","KOSDAQ"
"035500.KQ","PAXMEDU Co.Ltd.","Unknown","KOSDAQ"
"025550.KQ","HanSun","Unknown","KOSDAQ"
"032380.KQ","HandySoft","Unknown","KOSDAQ"
"073130.KQ","Insprit","Unknown","KOSDAQ"
"032190.KQ","DAOU DATA","Unknown","KOSDAQ"
"051500.KQ","CJ FW","Unknown","KOSDAQ"
"063280.KQ","Cyberpass","Unknown","KOSDAQ"
"048640.KQ","M&FC","Unknown","KOSDAQ"
"068150.KQ","NTPIA","Unknown","KOSDAQ"
"046840.KQ","FreeTravel","Unknown","KOSDAQ"
"039350.KQ","HepaHope","Unknown","KOSDAQ"
"032790.KQ","S-INFO TECH","Unknown","KOSDAQ"
"078150.KQ","NCB Networks","Unknown","KOSDAQ"
"079560.KQ","MOGEM","Unknown","KOSDAQ"
"065570.KQ","Samyung ENC","Unknown","KOSDAQ"
"009300.KQ","Sam-A Pharm.","Unknown","KOSDAQ"
"053440.KQ","SUNGWOO MOLD","Unknown","KOSDAQ"
"066930.KQ","SD","Unknown","KOSDAQ"
"066340.KQ","KSR","Unknown","KOSDAQ"
"045390.KQ","DAEATI","Unknown","KOSDAQ"
"036560.KQ","YPPC","Unknown","KOSDAQ"
"067170.KQ","Autech","Unknown","KOSDAQ"
"074000.KQ","MTEKVISION","Unknown","KOSDAQ"
"053110.KQ","SORIBADA","Unknown","KOSDAQ"
"056010.KQ","DC","Unknown","KOSDAQ"
"078780.KQ","IDS","Unknown","KOSDAQ"
"091700.KQ","PARTRON","Unknown","KOSDAQ"
"033190.KQ","Polchem","Unknown","KOSDAQ"
"080010.KQ","eSANG","Unknown","KOSDAQ"
"035830.KQ","MECCA FORUM","Unknown","KOSDAQ"
"050540.KQ","MPC","Unknown","KOSDAQ"
"060230.KQ","HOLLYS ENT","Unknown","KOSDAQ"
"088960.KQ","H&T","Unknown","KOSDAQ"
"058370.KQ","GEECOINC","Unknown","KOSDAQ"
"019430.KQ","NIC","Unknown","KOSDAQ"
"048140.KQ","TGE","Unknown","KOSDAQ"
"037350.KQ","SUNGDO ENG","Unknown","KOSDAQ"
"078940.KQ","MIJU RAIL","Unknown","KOSDAQ"
"016040.KQ","DSP","Unknown","KOSDAQ"
"030530.KQ","Atto","Unknown","KOSDAQ"
"030350.KQ","WIGO","Unknown","KOSDAQ"
"052350.KQ","CoreBrid","Unknown","KOSDAQ"
"036540.KQ","STS S&T","Unknown","KOSDAQ"
"025880.KQ","KC FEED","Unknown","KOSDAQ"
"084990.KQ","ViroMed","Unknown","KOSDAQ"
"047730.KQ","NETWAVE","Unknown","KOSDAQ"
"042600.KQ","SERONICS","Unknown","KOSDAQ"
"026960.KQ","Dongsuh","Unknown","KOSDAQ"
"054010.KQ","UBTRON","Unknown","KOSDAQ"
"053290.KQ","Neungyule","Unknown","KOSDAQ"
"044370.KQ","044370.KQ","Unknown","Unknown"
"031800.KQ","ST&I","Unknown","KOSDAQ"
"052330.KQ","KORTEK","Unknown","KOSDAQ"
"032940.KQ","WonIk","Unknown","KOSDAQ"
"083450.KQ","GST","Unknown","KOSDAQ"
"066350.KQ","TSM","Unknown","KOSDAQ"
"068760.KQ","Codinus","Unknown","KOSDAQ"
"025270.KQ","BusanTextile","Unknown","KOSDAQ"
"086830.KQ","ShinYang","Unknown","KOSDAQ"
"020070.KQ","EVERRES","Unknown","KOSDAQ"
"036850.KQ","Knowledge*on","Unknown","KOSDAQ"
"056190.KQ","SFA","Unknown","KOSDAQ"
"056730.KQ","Tellord","Unknown","KOSDAQ"
"038950.KQ","FINEDIGITAL","Unknown","KOSDAQ"
"052260.KQ","Bioland","Unknown","KOSDAQ"
"048270.KQ","FONET","Unknown","KOSDAQ"
"043890.KQ","T-HANVIT","Unknown","KOSDAQ"
"048770.KQ","TPC","Unknown","KOSDAQ"
"027830.KQ","BiNEXT Capital","Unknown","KOSDAQ"
"045400.KQ","EROM Tech","Unknown","KOSDAQ"
"005670.KQ","FOODWELL","Unknown","KOSDAQ"
"039030.KQ","EO Technics","Unknown","KOSDAQ"
"045970.KQ","BSE Holdings","Unknown","KOSDAQ"
"061140.KQ","LNP","Unknown","KOSDAQ"
"089790.KQ","JT Corp.","Unknown","KOSDAQ"
"018120.KQ","JrDistiller","Unknown","KOSDAQ"
"014470.KQ","BUBANG TECH.","Unknown","KOSDAQ"
"012340.KQ","NUINTEK","Unknown","KOSDAQ"
"032080.KQ","AZTECHWB","Unknown","KOSDAQ"
"036660.KQ","Plus Profit","Unknown","KOSDAQ"
"033100.KQ","CheryongInd","Unknown","KOSDAQ"
"082210.KQ","HAVIT","Unknown","KOSDAQ"
"037330.KQ","INZI DISPLAY","Unknown","KOSDAQ"
"077280.KQ","DAWIN","Unknown","KOSDAQ"
"060570.KQ","Reigncom","Unknown","KOSDAQ"
"038120.KQ","rinocell","Unknown","KOSDAQ"
"060590.KQ","CTC BIO","Unknown","KOSDAQ"
"046940.KQ","Huram R&C","Unknown","KOSDAQ"
"006050.KQ","KUKYOUNGG&M","Unknown","KOSDAQ"
"048550.KQ","BT&I","Unknown","KOSDAQ"
"037150.KQ","CJ Internet","Unknown","KOSDAQ"
"048870.KQ","Core Logic","Unknown","KOSDAQ"
"041510.KQ","S.M.","Unknown","KOSDAQ"
"049950.KQ","meerecompany","Unknown","KOSDAQ"
"028305.KQ","INNO GDN(1P)","Unknown","KOSDAQ"
"080220.KQ","EMLSI","Unknown","KOSDAQ"
"030270.KQ","KaHee","Unknown","KOSDAQ"
"036620.KQ","VirtualTek","Unknown","KOSDAQ"
"083930.KQ","AVACO","Unknown","KOSDAQ"
"036920.KQ","NEC","Unknown","KOSDAQ"
"072870.KQ","megastudy","Unknown","KOSDAQ"
"084370.KQ","Eugenetech","Unknown","KOSDAQ"
"064820.KQ","CAPEind","Unknown","KOSDAQ"
"033920.KQ","Muhak","Unknown","KOSDAQ"
"032680.KQ","BTCKorea","Unknown","KOSDAQ"
"051360.KQ","TOVIS","Unknown","KOSDAQ"
"041140.KQ","GAMEHI","Unknown","KOSDAQ"
"004790.KQ","KiryungElec","Unknown","KOSDAQ"
"041960.KQ","KOMIPHARM","Unknown","KOSDAQ"
"033850.KQ","AIMEKA","Unknown","KOSDAQ"
"093380.KQ","PUNGKANG","Unknown","KOSDAQ"
"006580.KQ","DaeyangPaper","Unknown","KOSDAQ"
"035200.KQ","PLUMB FAST","Unknown","KOSDAQ"
"038540.KQ","TexcelNetCom","Unknown","KOSDAQ"
"017480.KQ","SAMSCO","Unknown","KOSDAQ"
"028080.KQ","Humax","Unknown","KOSDAQ"
"030420.KQ","Manine Media co.","Unknown","Unknown"
"067900.KQ","Y-ENTEC","Unknown","KOSDAQ"
"072470.KQ","WOORY","Unknown","KOSDAQ"
"033110.KQ","ED","Unknown","KOSDAQ"
"012860.KQ","Shinchang","Unknown","KOSDAQ"
"065130.KQ","TOP ENG","Unknown","KOSDAQ"
"052970.KQ","Olive9","Unknown","KOSDAQ"
"036170.KQ","CTL","Unknown","KOSDAQ"
"083660.KQ","G.T","Unknown","KOSDAQ"
"008340.KQ","KORES","Unknown","KOSDAQ"
"067290.KQ","CRHC","Unknown","KOSDAQ"
"044960.KQ","EAGLE VET","Unknown","KOSDAQ"
"008370.KQ","Wonpoong","Unknown","KOSDAQ"
"079650.KQ","Seosan","Unknown","KOSDAQ"
"060540.KQ","SAT","Unknown","KOSDAQ"
"023760.KQ","HKCapital","Unknown","KOSDAQ"
"037630.KQ","SBM","Unknown","KOSDAQ"
"036500.KQ","YW COM-TECH","Unknown","KOSDAQ"
"019540.KQ","IljiTech","Unknown","KOSDAQ"
"030030.KQ","JAD","Unknown","KOSDAQ"
"014620.KQ","SKB","Unknown","KOSDAQ"
"004780.KQ","Daeryuk","Unknown","KOSDAQ"
"053890.KQ","MEDIAcorp","Unknown","KOSDAQ"
"043090.KQ","PharmswellBio","Unknown","KOSDAQ"
"085680.KQ","Mobiletop","Unknown","KOSDAQ"
"060550.KQ","WOOSUCNS","Unknown","KOSDAQ"
"019010.KQ","GRAND DEPT","Unknown","KOSDAQ"
"065710.KQ","Seoho","Unknown","KOSDAQ"
"028150.KQ","GSHS","Unknown","KOSDAQ"
"065690.KQ","DAEJIN DMP","Unknown","KOSDAQ"
"021080.KQ","HVCC","Unknown","KOSDAQ"
"016600.KQ","QCP","Unknown","KOSDAQ"
"036210.KQ","Taesan LCD","Unknown","KOSDAQ"
"044775.KQ","AMS(1P)","Unknown","KOSDAQ"
"012620.KQ","Wonil","Unknown","KOSDAQ"
"056710.KQ","Millinet","Unknown","KOSDAQ"
"014420.KQ","SHGCO","Unknown","KOSDAQ"
"065620.KQ","SHINE","Unknown","KOSDAQ"
"036800.KQ","NICEI&T","Unknown","KOSDAQ"
"040350.KQ","CUROCOM","Unknown","KOSDAQ"
"077360.KQ","DSHM","Unknown","KOSDAQ"
"035405.KQ","VSST(1P)","Unknown","KOSDAQ"
"023890.KQ","ATLAS","Unknown","KOSDAQ"
"051380.KQ","PCD","Unknown","KOSDAQ"
"069330.KQ","U.I.DISPLAY","Unknown","KOSDAQ"
"015390.KQ","KYSYS","Unknown","KOSDAQ"
"039420.KQ","KL-Net","Unknown","KOSDAQ"
"049480.KQ","Openbase","Unknown","KOSDAQ"
"013120.KQ","Dongwon","Unknown","KOSDAQ"
"078610.KQ","DOM","Unknown","KOSDAQ"
"084810.KQ","IRD","Unknown","KOSDAQ"
"006730.KQ","SeobuTT","Unknown","KOSDAQ"
"053030.KQ","Binex","Unknown","KOSDAQ"
"090150.KQ","KWANGJIN","Unknown","KOSDAQ"
"054050.KQ","N.W BIO","Unknown","KOSDAQ"
"033340.KQ","GOODPEOPLE","Unknown","KOSDAQ"
"023790.KQ","DongilSteel","Unknown","KOSDAQ"
"037540.KQ","Nextech","Unknown","KOSDAQ"
"064260.KQ","DANAL","Unknown","KOSDAQ"
"015710.KQ","KOCOM","Unknown","KOSDAQ"
"036190.KQ","GEUMHWA PSC","Unknown","KOSDAQ"
"068790.KQ","DMS","Unknown","KOSDAQ"
"078130.KQ","KUK-IL PAPER","Unknown","KOSDAQ"
"028090.KQ","MYONGHWA NET","Unknown","KOSDAQ"
"033600.KQ","EZEN TECH","Unknown","KOSDAQ"
"025950.KQ","DongshinE&C","Unknown","KOSDAQ"
"032570.KQ","CARAVAN KDE","Unknown","KOSDAQ"
"038500.KQ","GoldenOil","Unknown","KOSDAQ"
"058530.KQ","EQUISPHARM","Unknown","KOSDAQ"
"041520.KQ","e-LITECOM","Unknown","KOSDAQ"
"026910.KQ","KwangjinInd","Unknown","KOSDAQ"
"050640.KQ","EROOM G&G","Unknown","KOSDAQ"
"053620.KQ","TAE-YANG","Unknown","KOSDAQ"
"056340.KQ","CUELT","Unknown","KOSDAQ"
"035760.KQ","CJHS","Unknown","KOSDAQ"
"021040.KQ","MIJUMATE","Unknown","KOSDAQ"
"037460.KQ","SAMJI ELECT","Unknown","KOSDAQ"
"038340.KQ","DIGITAL-TECH","Unknown","KOSDAQ"
"050760.KQ","S polytech","Unknown","KOSDAQ"
"082850.KQ","WOOREE ETI","Unknown","KOSDAQ"
"065510.KQ","Huvitz","Unknown","KOSDAQ"
"067130.KQ","CLUNET","Unknown","KOSDAQ"
"033500.KQ","FineTec","Unknown","KOSDAQ"
"046210.KQ","PANAGENE","Unknown","KOSDAQ"
"066900.KQ","DAP","Unknown","KOSDAQ"
"071660.KQ","SSCP","Unknown","KOSDAQ"
"074600.KQ","WIQ","Unknown","KOSDAQ"
"057880.KQ","Topfield","Unknown","KOSDAQ"
"019660.KQ","KTIC GLOBAL","Unknown","KOSDAQ"
"025340.KQ","NHS Capital","Unknown","KOSDAQ"
"053700.KQ","Freesat","Unknown","KOSDAQ"
"047370.KQ","FIT","Unknown","KOSDAQ"
"033260.KQ","SSAMZIE","Unknown","KOSDAQ"
"018700.KQ","Barunson","Unknown","KOSDAQ"
"033130.KQ","DChosun","Unknown","KOSDAQ"
"036090.KQ","WIZIT","Unknown","KOSDAQ"
"024120.KQ","Koreaberal","Unknown","KOSDAQ"
"038880.KQ","C&S","Unknown","KOSDAQ"
"052300.KQ","M&M corp.","Unknown","KOSDAQ"
"053070.KQ","Trinity","Unknown","KOSDAQ"
"041590.KQ","H&H","Unknown","KOSDAQ"
"042820.KQ","OULLIM NET","Unknown","KOSDAQ"
"057100.KQ","HST","Unknown","KOSDAQ"
"020180.KQ","DIC","Unknown","KOSDAQ"
"093520.KQ","MAKUS","Unknown","KOSDAQ"
"051980.KQ","SNH","Unknown","KOSDAQ"
"064800.KQ","FEELINGK","Unknown","KOSDAQ"
"056700.KQ","SHINWHA","Unknown","KOSDAQ"
"047940.KQ","BND","Unknown","KOSDAQ"
"065160.KQ","FT EnE","Unknown","KOSDAQ"
"045510.KQ","ZW&S","Unknown","KOSDAQ"
"019260.KQ","NKBIO","Unknown","KOSDAQ"
"001840.KQ","Eehwa","Unknown","KOSDAQ"
"041440.KQ","EVERDIGM","Unknown","KOSDAQ"
"071280.KQ","RORZE","Unknown","KOSDAQ"
"053595.KQ","K&Company(1P)","Unknown","KOSDAQ"
"045890.KQ","FAWOO TECH","Unknown","KOSDAQ"
"088130.KQ","DONG A ELTEK","Unknown","KOSDAQ"
"047450.KQ","E & Tech","Unknown","KOSDAQ"
"010170.KQ","OPTOMAGIC","Unknown","KOSDAQ"
"016250.KQ","eTEC","Unknown","KOSDAQ"
"039240.KQ","K-Steel","Unknown","KOSDAQ"
"005990.KQ","MAEIL","Unknown","KOSDAQ"
"040300.KQ","YTN","Unknown","KOSDAQ"
"041630.KQ","INZEN","Unknown","KOSDAQ"
"052710.KQ","Amotech","Unknown","KOSDAQ"
"091690.KQ","DIGITECH","Unknown","KOSDAQ"
"019590.KQ","MVENTURE","Unknown","KOSDAQ"
"026220.KQ","STC LIFE","Unknown","KOSDAQ"
"052510.KQ","ECO Solution","Unknown","KOSDAQ"
"084730.KQ","Thinkware","Unknown","KOSDAQ"
"035210.KQ","Qrix","Unknown","KOSDAQ"
"001810.KQ","M.S","Unknown","KOSDAQ"
"036810.KQ","FINE SEMITECH","Unknown","KOSDAQ"
"054950.KQ","JVM","Unknown","KOSDAQ"
"036280.KQ","ONNURI AIR","Unknown","KOSDAQ"
"041320.KQ","Odicorp","Unknown","KOSDAQ"
"032820.KQ","WooriTG Inc.","Unknown","KOSDAQ"
"066620.KQ","KUKBO DESIGN","Unknown","KOSDAQ"
"056200.KQ","Mnet Media","Unknown","KOSDAQ"
"017050.KQ","Starmax","Unknown","KOSDAQ"
"083790.KQ","CRYSTAL","Unknown","KOSDAQ"
"035010.KQ","Soyea","Unknown","KOSDAQ"
"058820.KQ","SKYNEWPHARM","Unknown","KOSDAQ"
"045340.KQ","TSB","Unknown","KOSDAQ"
"003100.KQ","SUN KWANG","Unknown","KOSDAQ"
"033720.KQ","Blue Stone","Unknown","KOSDAQ"
"045660.KQ","ATEC","Unknown","KOSDAQ"
"026260.KQ","Boong Ju","Unknown","KOSDAQ"
"049720.KQ","KORYOINFO","Unknown","KOSDAQ"
"079190.KQ","EMW Antenna","Unknown","KOSDAQ"
"001000.KQ","SillaTextile","Unknown","KOSDAQ"
"042510.KQ","NEOWAVE","Unknown","KOSDAQ"
"056850.KQ","COREBIT","Unknown","KOSDAQ"
"039560.KQ","DASANNetwork","Unknown","KOSDAQ"
"017890.KQ","KAI","Unknown","KOSDAQ"
"065310.KQ","JHCOS","Unknown","KOSDAQ"
"079810.KQ","DE&T","Unknown","KOSDAQ"
"019550.KQ","KTIC","Unknown","KOSDAQ"
"090460.KQ","BH","Unknown","KOSDAQ"
"033310.KQ","DK D&I","Unknown","KOSDAQ"
"054120.KQ","KJH PRO","Unknown","KOSDAQ"
"039790.KQ","A1","Unknown","KOSDAQ"
"065150.KQ","M&T","Unknown","KOSDAQ"
"080000.KQ","SNU","Unknown","KOSDAQ"
"011560.KQ","SEBO MEC","Unknown","KOSDAQ"
"089010.KQ","CHEMTRON","Unknown","KOSDAQ"
"037020.KQ","hanwireless","Unknown","KOSDAQ"
"029960.KQ","KOENTEC","Unknown","KOSDAQ"
"088910.KQ","DONGWOO","Unknown","KOSDAQ"
"045520.KQ","Clean&Scien","Unknown","KOSDAQ"
"052290.KQ","windsky","Unknown","KOSDAQ"
"058470.KQ","LEENO","Unknown","KOSDAQ"
"042500.KQ","RingNet","Unknown","KOSDAQ"
"001540.KQ","AHN-GOOK PHA","Unknown","KOSDAQ"
"086450.KQ","DongKook Pharm","Unknown","KOSDAQ"
"031950.KQ","Edu-pass","Unknown","KOSDAQ"
"002680.KQ","YoungnamMill","Unknown","KOSDAQ"
"056810.KQ","Withus","Unknown","KOSDAQ"
"052020.KQ","STCUBE","Unknown","KOSDAQ"
"037830.KQ","Glopost","Unknown","KOSDAQ"
"036260.KQ","STAR M","Unknown","KOSDAQ"
"012700.KQ","LEADCORP","Unknown","KOSDAQ"
"074140.KQ","XROAD","Unknown","KOSDAQ"
"051530.KQ","GOOD EMG","Unknown","KOSDAQ"
"060720.KQ","KH VATEC","Unknown","KOSDAQ"
"086960.KQ","MDS Tech","Unknown","KOSDAQ"
"079940.KQ","GABIA","Unknown","KOSDAQ"
"066590.KQ","WSA","Unknown","KOSDAQ"
"038680.KQ","SNET","Unknown","KOSDAQ"
"037370.KQ","EG","Unknown","KOSDAQ"
"043580.KQ","Aimhigh","Unknown","KOSDAQ"
"051170.KQ","LuBo","Unknown","KOSDAQ"
"023160.KQ","TKCORP.","Unknown","KOSDAQ"
"033320.KQ","JCHyunSystem","Unknown","KOSDAQ"
"046390.KQ","SAMHWA NWS","Unknown","KOSDAQ"
"045470.KQ","INFITRON","Unknown","KOSDAQ"
"069410.KQ","nTels","Unknown","KOSDAQ"
"039440.KQ","STI","Unknown","KOSDAQ"
"033030.KQ","GEOMC","Unknown","KOSDAQ"
"088810.KQ","Very & More CO.L","Unknown","KOSDAQ"
"042870.KQ","S.N.e CORP","Unknown","KOSDAQ"
"052560.KQ","Samsung Fisheries","Unknown","KOSDAQ"
"083310.KQ","LOT Vacuum","Unknown","KOSDAQ"
"068770.KQ","SUNWOO H I","Unknown","KOSDAQ"
"082270.KQ","KAEL","Unknown","KOSDAQ"
"010280.KQ","SICC","Unknown","KOSDAQ"
"042370.KQ","Vitzro Tech","Unknown","KOSDAQ"
"088390.KQ","INNOX","Unknown","KOSDAQ"
"009620.KQ","Sambo","Unknown","KOSDAQ"
"038460.KQ","BioSmart","Unknown","KOSDAQ"
"025870.KQ","SillaSeafood","Unknown","KOSDAQ"
"024660.KQ","Halim","Unknown","KOSDAQ"
"024810.KQ","E.T.I","Unknown","KOSDAQ"
"030520.KQ","HAANSOFT","Unknown","KOSDAQ"
"064060.KQ","CTC","Unknown","KOSDAQ"
"025900.KQ","DONGWHA HLDS","Unknown","KOSDAQ"
"034940.KQ","ChoA Pharm.","Unknown","KOSDAQ"
"053170.KQ","Cosmos PLC","Unknown","KOSDAQ"
"062860.KQ","TLi","Unknown","KOSDAQ"
"067990.KQ","DEUTSCH MOTORS IN","Unknown","KOSDAQ"
"060310.KQ","3S KOREA","Unknown","KOSDAQ"
"016920.KQ","Cas","Unknown","KOSDAQ"
"048830.KQ","NPK","Unknown","KOSDAQ"
"066300.KQ","SHINE SYSTEM","Unknown","KOSDAQ"
"060240.KQ","DIGITALONNET","Unknown","KOSDAQ"
"048130.KQ","SP CORP","Unknown","KOSDAQ"
"079370.KQ","ZEUS","Unknown","KOSDAQ"
"072020.KQ","CAVAC","Unknown","KOSDAQ"
"026540.KQ","KFVC","Unknown","KOSDAQ"
"091120.KQ","EM-Tech","Unknown","KOSDAQ"
"027040.KQ","SET","Unknown","KOSDAQ"
"050890.KQ","Solitech","Unknown","KOSDAQ"
"049830.KQ","SEUNG IL","Unknown","KOSDAQ"
"025980.KQ","Emerson","Unknown","KOSDAQ"
"039040.KQ","UNITECH","Unknown","KOSDAQ"
"052600.KQ","HANNET","Unknown","KOSDAQ"
"052790.KQ","ACTOZ SOFT","Unknown","KOSDAQ"
"065910.KQ","PWGenetics","Unknown","KOSDAQ"
"064520.KQ","BARUN","Unknown","KOSDAQ"
"041060.KQ","Neurotech","Unknown","KOSDAQ"
"039830.KQ","AURORA","Unknown","KOSDAQ"
"079170.KQ","Hanchang","Unknown","KOSDAQ"
"065450.KQ","VICTEK","Unknown","KOSDAQ"
"065340.KQ","DMTechnology","Unknown","KOSDAQ"
"082800.KQ","LUMIMICRO","Unknown","KOSDAQ"
"054210.KQ","Elentec","Unknown","KOSDAQ"
"052400.KQ","KEBT","Unknown","KOSDAQ"
"051710.KQ","DSLCD","Unknown","KOSDAQ"
"014190.KQ","HUNUS","Unknown","KOSDAQ"
"074430.KQ","ALOGICS","Unknown","KOSDAQ"
"073190.KQ","DUOBACK","Unknown","KOSDAQ"
"004325.KQ","ULTRA CON(1P)","Unknown","KOSDAQ"
"023460.KQ","CNH CAPITAL","Unknown","KOSDAQ"
"021060.KQ","H.V.C","Unknown","KOSDAQ"
"069510.KQ","ESTec","Unknown","KOSDAQ"
"076090.KQ","TAKE SYSTEMS","Unknown","KOSDAQ"
"053160.KQ","Freems","Unknown","KOSDAQ"
"024940.KQ","Skac","Unknown","KOSDAQ"
"054020.KQ","GK Power","Unknown","KOSDAQ"
"026040.KQ","Romanson","Unknown","KOSDAQ"
"065440.KQ","ELUON","Unknown","KOSDAQ"
"067850.KQ","YELLOW ENT","Unknown","KOSDAQ"
"039990.KQ","Core Info","Unknown","KOSDAQ"
"058450.KQ","ILYA HI-TECH","Unknown","KOSDAQ"
"046110.KQ","TT","Unknown","KOSDAQ"
"068420.KQ","ENTER TECH","Unknown","KOSDAQ"
"038620.KQ","Wiz","Unknown","KOSDAQ"
"033230.KQ","INSUNG","Unknown","KOSDAQ"
"036030.KQ","KTH","Unknown","KOSDAQ"
"086980.KQ","Mediaplex","Unknown","KOSDAQ"
"044490.KQ","TAEWOONG","Unknown","KOSDAQ"
"046890.KQ","SSC","Unknown","KOSDAQ"
"016170.KQ","LOEN","Unknown","KOSDAQ"
"062730.KQ","KENERTEC","Unknown","KOSDAQ"
"050120.KQ","LIVEPLEX","Unknown","KOSDAQ"
"026940.KQ","026940.KQ","Unknown","Unknown"
"043340.KQ","Essen Tech","Unknown","KOSDAQ"
"007370.KQ","JINYANGPHARM","Unknown","KOSDAQ"
"052900.KQ","BIEMT","Unknown","KOSDAQ"
"094860.KQ","KORNIC GLORY","Unknown","KOSDAQ"
"035610.KQ","SOLBORN","Unknown","KOSDAQ"
"053870.KQ","GT&T","Unknown","KOSDAQ"
"057030.KQ","YBMSisa.com","Unknown","KOSDAQ"
"009780.KQ","MSC","Unknown","KOSDAQ"
"006140.KQ","PJ Electro","Unknown","KOSDAQ"
"066430.KQ","e-Greenergy","Unknown","KOSDAQ"
"031980.KQ","PSK","Unknown","KOSDAQ"
"016890.KQ","DWB","Unknown","KOSDAQ"
"065680.KQ","UJU","Unknown","KOSDAQ"
"041020.KQ","INFRAWARE","Unknown","KOSDAQ"
"073780.KQ","K-D'seco","Unknown","KOSDAQ"
"060910.KQ","I. S HITECH","Unknown","KOSDAQ"
"031960.KQ","Dongsan","Unknown","KOSDAQ"
"025440.KQ","DAESUNGELTEC","Unknown","KOSDAQ"
"070480.KQ","Ever Techno","Unknown","KOSDAQ"
"079960.KQ","DONGYANG E&P","Unknown","KOSDAQ"
"037340.KQ","TIMO","Unknown","KOSDAQ"
"089140.KQ","NEXTURN","Unknown","KOSDAQ"
"085990.KQ","Dan Sung Electron","Unknown","KOSDAQ"
"037240.KQ","DI Semicon","Unknown","KOSDAQ"
"053590.KQ","K&Company","Unknown","KOSDAQ"
"060380.KQ","DY S￦amp;frac12;￦amp;","Unknown","KOSDAQ"
"021880.KQ","KIC CAPITAL","Unknown","KOSDAQ"
"035420.KQ","NHN","Unknown","KOSDAQ"
"065940.KQ","PKFC","Unknown","KOSDAQ"
"032560.KQ","HangKumSteel","Unknown","KOSDAQ"
"058690.KQ","Futureinfone","Unknown","KOSDAQ"
"052770.KQ","YedangOnline","Unknown","KOSDAQ"
"077960.KQ","K-eng","Unknown","KOSDAQ"
"067770.KQ","SEJINTS","Unknown","KOSDAQ"
"053260.KQ","KEUM KANG","Unknown","KOSDAQ"
"028040.KQ","PARK&OPC","Unknown","KOSDAQ"
"051370.KQ","INTERFLEX","Unknown","KOSDAQ"
"023430.KQ","Nitgen&Company","Unknown","KOSDAQ"
"065060.KQ","GNCO","Unknown","KOSDAQ"
"092600.KQ","Nextchip","Unknown","KOSDAQ"
"054540.KQ","SYMTEK","Unknown","KOSDAQ"
"031920.KQ","SM.S.BANK","Unknown","KOSDAQ"
"038920.KQ","GENF","Unknown","KOSDAQ"
"032290.KQ","alti-elect","Unknown","KOSDAQ"
"020075.KQ","EVERRES(1P)","Unknown","KOSDAQ"
"023910.KQ","DaihanPharm","Unknown","KOSDAQ"
"052220.KQ","iMBC","Unknown","KOSDAQ"
"024950.KQ","SAMCHULY","Unknown","KOSDAQ"
"035720.KQ","Daum","Unknown","KOSDAQ"
"010470.KQ","ORICOM","Unknown","KOSDAQ"
"044070.KQ","HANSEO PHARM","Unknown","KOSDAQ"
"086250.KQ","HWASHIN TECH","Unknown","KOSDAQ"
"036930.KQ","JEL","Unknown","KOSDAQ"
"046430.KQ","R&S Networks","Unknown","KOSDAQ"
"039610.KQ","HWA SUNG","Unknown","KOSDAQ"
"032850.KQ","BITComputer","Unknown","KOSDAQ"
"018000.KQ","UNISON","Unknown","KOSDAQ"
"054450.KQ","Telechips","Unknown","KOSDAQ"
"026180.KQ","HIT","Unknown","KOSDAQ"
"060560.KQ","Home Center","Unknown","KOSDAQ"
"035400.KQ","VSST","Unknown","KOSDAQ"
"066410.KQ","PREGM","Unknown","KOSDAQ"
"013340.KQ","AJS","Unknown","KOSDAQ"
"084180.KQ","SOOSUNG","Unknown","KOSDAQ"
"054940.KQ","EXA E&C","Unknown","KOSDAQ"
"065270.KQ","GoodSSEN","Unknown","KOSDAQ"
"078340.KQ","C2S","Unknown","KOSDAQ"
"059720.KQ","YAHOH COM","Unknown","KOSDAQ"
"082660.KQ","CHAARMTECH","Unknown","KOSDAQ"
"032580.KQ","Fidelix","Unknown","KOSDAQ"
"046310.KQ","BG T&A","Unknown","KOSDAQ"
"033790.KQ","SEOHWA","Unknown","KOSDAQ"
"047820.KQ","CHOROKBAEM","Unknown","KOSDAQ"
"049960.KQ","CBT","Unknown","KOSDAQ"
"023410.KQ","EUGENE","Unknown","KOSDAQ"
"003670.KQ","POSREC","Unknown","KOSDAQ"
"036790.KQ","ZK","Unknown","KOSDAQ"
"033855.KQ","AIMEKA(1P)","Unknown","KOSDAQ"
"043150.KQ","VATECH","Unknown","KOSDAQ"
"060410.KQ","060410.KQ","Unknown","Unknown"
"039020.KQ","EAGON W.D.S","Unknown","KOSDAQ"
"023600.KQ","SAMBO CORR","Unknown","KOSDAQ"
"036830.KQ","TECHNOSEMI","Unknown","KOSDAQ"
"022220.KQ","AIKANG REMETECH","Unknown","KOSDAQ"
"073570.KQ","FROM30","Unknown","KOSDAQ"
"033550.KQ","LUXON ENERGY","Unknown","KOSDAQ"
"068050.KQ","PAN ENTERTAINMENT","Unknown","KOSDAQ"
"063440.KQ","KDMEDIA","Unknown","KOSDAQ"
"039230.KQ","PHICOM","Unknown","KOSDAQ"
"049180.KQ","DONG-A MEMBERSHIP","Unknown","KOSDAQ"
"051820.KQ","IPS Ltd.","Unknown","KOSDAQ"
"049120.KQ","FINE DNC","Unknown","KOSDAQ"
"027050.KQ","COREANA","Unknown","KOSDAQ"
"037070.KQ","PASECO","Unknown","KOSDAQ"
"039530.KQ","KOKO","Unknown","KOSDAQ"
"026250.KQ","SWEMC","Unknown","KOSDAQ"
"066970.KQ","L&F","Unknown","KOSDAQ"
"044780.KQ","HAN KWANG","Unknown","KOSDAQ"
"042340.KQ","E-Net","Unknown","KOSDAQ"
"031510.KQ","AUSTEM","Unknown","KOSDAQ"
"018290.KQ","Gmp","Unknown","KOSDAQ"
"043680.KQ","De Chocolate","Unknown","KOSDAQ"
"034810.KQ","HaeSung","Unknown","KOSDAQ"
"063570.KQ","NICEeBanking","Unknown","KOSDAQ"
"003800.KQ","AceBed","Unknown","KOSDAQ"
"039200.KQ","OCT Inc.","Unknown","KOSDAQ"
"060900.KQ","TRUEMAX","Unknown","KOSDAQ"
"007530.KQ","Youngsin","Unknown","KOSDAQ"
"078590.KQ","DUAL","Unknown","KOSDAQ"
"052460.KQ","iCRAFT","Unknown","KOSDAQ"
"041800.KQ","KODICOM","Unknown","KOSDAQ"
"037380.KQ","MICROROBOT","Unknown","KOSDAQ"
"066910.KQ","SONOKONG","Unknown","KOSDAQ"
"065410.KQ","GENTECH HOLDINGS","Unknown","KOSDAQ"
"073490.KQ","IW","Unknown","KOSDAQ"
"035620.KQ","T-Ent","Unknown","KOSDAQ"
"035710.KQ","CL","Unknown","KOSDAQ"
"047440.KQ","RAYGEN","Unknown","KOSDAQ"
"090090.KQ","d&shop","Unknown","KOSDAQ"
"080420.KQ","InnoChips","Unknown","KOSDAQ"
"043910.KQ","NNE","Unknown","KOSDAQ"
"032420.KQ","TURBOTEK","Unknown","KOSDAQ"
"046320.KQ","MTRON","Unknown","KOSDAQ"
"072770.KQ","Aromasoft","Unknown","KOSDAQ"
"033290.KQ","PKElectron","Unknown","KOSDAQ"
"045380.KQ","DuzonDigital","Unknown","KOSDAQ"
"030390.KQ","SOLAR & TECH","Unknown","KOSDAQ"
"046350.KQ","Biomass Korea","Unknown","KOSDAQ"
"030790.KQ","TYSYSTEMS","Unknown","KOSDAQ"
"058550.KQ","NEO RESOURCE","Unknown","KOSDAQ"
"004590.KQ","KoreaFurni","Unknown","KOSDAQ"
"079340.KQ","HILUX","Unknown","KOSDAQ"
"044480.KQ","UNIDUS CORP","Unknown","KOSDAQ"
"045100.KQ","HANYANG ENG","Unknown","KOSDAQ"
"068270.KQ","Celltrion","Unknown","KOSDAQ"
"081500.KQ","XCE","Unknown","KOSDAQ"
"073010.KQ","KSP","Unknown","KOSDAQ"
"046070.KQ","KODACO","Unknown","KOSDAQ"
"009010.KQ","C&C TECH","Unknown","KOSDAQ"
"053660.KQ","HYUNJIN","Unknown","KOSDAQ"
"007770.KQ","HANILCHEMIC","Unknown","KOSDAQ"
"040420.KQ","jls","Unknown","KOSDAQ"
"080470.KQ","SEUNG CHANG","Unknown","KOSDAQ"
"024850.KQ","PSMC","Unknown","KOSDAQ"
"038870.KQ","Ecoenergy Holding","Unknown","KOSDAQ"
"042420.KQ","NEOWIZ","Unknown","KOSDAQ"
"053050.KQ","Suntek","Unknown","KOSDAQ"
"078020.KQ","E*TRADE","Unknown","KOSDAQ"
"079950.KQ","ADPENG","Unknown","KOSDAQ"
"047770.KQ","Yeshin PJ","Unknown","KOSDAQ"
"043220.KQ","Ubiquam","Unknown","KOSDAQ"
"070590.KQ","Hansol Intic","Unknown","KOSDAQ"
"069110.KQ","3H","Unknown","KOSDAQ"
"089890.KQ","KOSES","Unknown","KOSDAQ"
"016670.KQ","WTSC","Unknown","KOSDAQ"
"073070.KQ","NEXENTECH","Unknown","KOSDAQ"
"000250.KQ","SCD","Unknown","KOSDAQ"
"090470.KQ","JETTECH","Unknown","KOSDAQ"
"058900.KQ","MOCOCO","Unknown","KOSDAQ"
"065650.KQ","Medifron DBT","Unknown","KOSDAQ"
"051780.KQ","CUROHOLDINGS","Unknown","KOSDAQ"
"065530.KQ","KRTnet","Unknown","KOSDAQ"
"065950.KQ","Welcron","Unknown","KOSDAQ"
"038110.KQ","ECOPLASTIC","Unknown","KOSDAQ"
"056360.KQ","COWEAVER","Unknown","KOSDAQ"
"074130.KQ","DID","Unknown","KOSDAQ"
"032500.KQ","KMW","Unknown","KOSDAQ"
"024740.KQ","HanilForging","Unknown","KOSDAQ"
"050320.KQ","Anamit","Unknown","KOSDAQ"
"054340.KQ","P&Tel","Unknown","KOSDAQ"
"053470.KQ","Opes","Unknown","KOSDAQ"
"038390.KQ","RedcapTour","Unknown","KOSDAQ"
"005160.KQ","DONGKUK","Unknown","KOSDAQ"
"054300.KQ","HESHBON","Unknown","KOSDAQ"
"078700.KQ","SINJISOFT","Unknown","KOSDAQ"
"014200.KQ","KANGLIM","Unknown","KOSDAQ"
"053740.KQ","KEK","Unknown","KOSDAQ"
"090120.KQ","Zalman","Unknown","KOSDAQ"
"036120.KQ","SCI","Unknown","KOSDAQ"
"047310.KQ","POWER LOGICS","Unknown","KOSDAQ"
"050110.KQ","Cuzco LBE","Unknown","KOSDAQ"
"035890.KQ","SEOHEE CONSTRUCTI","Unknown","KOSDAQ"
"038990.KQ","NEXCONTECH","Unknown","KOSDAQ"
"056080.KQ","Yujin Robot","Unknown","KOSDAQ"
"002230.KQ","PSTEC","Unknown","KOSDAQ"
"053950.KQ","HSBP","Unknown","KOSDAQ"
"073710.KQ","CDNetworks","Unknown","KOSDAQ"
"035080.KQ","InterPark","Unknown","KOSDAQ"
"043650.KQ","KSDB","Unknown","KOSDAQ"
"038710.KQ","ICM","Unknown","KOSDAQ"
"038290.KQ","Macrogen","Unknown","KOSDAQ"
"040740.KQ","Ein's M&M","Unknown","KOSDAQ"
"011370.KQ","Seohan","Unknown","KOSDAQ"
"053610.KQ","PROTEC","Unknown","KOSDAQ"
"043360.KQ","DGI","Unknown","KOSDAQ"
"060260.KQ","NUVOTEC","Unknown","KOSDAQ"
"066060.KQ","HUMANTEC","Unknown","KOSDAQ"
"014940.KQ","OPCO","Unknown","KOSDAQ"
"065770.KQ","C&SMICROWAVE","Unknown","KOSDAQ"
"054410.KQ","KPT","Unknown","KOSDAQ"
"066700.KQ","esseltech","Unknown","KOSDAQ"
"020400.KQ","DaedongMetal","Unknown","KOSDAQ"
"070080.KQ","INNOIZI","Unknown","KOSDAQ"
"060300.KQ","INCRUIT","Unknown","KOSDAQ"
"066670.KQ","DTC","Unknown","KOSDAQ"
"053800.KQ","AHNLAB","Unknown","KOSDAQ"
"025970.KQ","ALDEX","Unknown","KOSDAQ"
"037950.KQ","HANSUNG ELCOMTEC","Unknown","KOSDAQ"
"041930.KQ","DONGAHWASUNG","Unknown","KOSDAQ"
"032540.KQ","TJ MEDIA","Unknown","KOSDAQ"
"054040.KQ","KTI","Unknown","KOSDAQ"
"043630.KQ","G&R","Unknown","KOSDAQ"
"091580.KQ","SANGSIN EDP","Unknown","KOSDAQ"
"060660.KQ","060660.KQ","Unknown","Unknown"
"039670.KQ","SS21","Unknown","KOSDAQ"
"007720.KQ","HS HOLDINGS","Unknown","KOSDAQ"
"065610.KQ","Polyplus","Unknown","KOSDAQ"
"031990.KQ","DaesunShip","Unknown","KOSDAQ"
"042040.KQ","KPM TECH","Unknown","KOSDAQ"
"039130.KQ","HANA TOUR","Unknown","KOSDAQ"
"046240.KQ","Elim Edu","Unknown","KOSDAQ"
"024830.KQ","SewonCorp","Unknown","KOSDAQ"
"045880.KQ","UTX","Unknown","KOSDAQ"
"053810.KQ","UBprecision","Unknown","KOSDAQ"
"064240.KQ","homecast","Unknown","KOSDAQ"
"040180.KQ","KHC","Unknown","KOSDAQ"
"008290.KQ","WPMulsan","Unknown","KOSDAQ"
"067950.KQ","TEC","Unknown","KOSDAQ"
"022100.KQ","POSDATA","Unknown","KOSDAQ"
"050470.KQ","CMS","Unknown","KOSDAQ"
"032030.KQ","1001OPTICAL","Unknown","KOSDAQ"
"013650.KQ","Deco","Unknown","KOSDAQ"
"071930.KQ","Ace Hightech","Unknown","KOSDAQ"
"050600.KQ","050600.KQ","Unknown","Unknown"
"036610.KQ","Neo Solar","Unknown","KOSDAQ"
"036840.KQ","TEXEN","Unknown","KOSDAQ"
"036200.KQ","UNISEM","Unknown","KOSDAQ"
"038070.KQ","SeouLin","Unknown","KOSDAQ"
"090710.KQ","DASAROBOT","Unknown","KOSDAQ"
"038410.KQ","TRICOM","Unknown","KOSDAQ"
"048910.KQ","DAEWON MEDIA","Unknown","KOSDAQ"
"084110.KQ","Huons","Unknown","KOSDAQ"
"052810.KQ","EDI","Unknown","KOSDAQ"
"048430.KQ","YURA TECH.","Unknown","KOSDAQ"
"019570.KQ","DSVI","Unknown","KOSDAQ"
"035290.KQ","Edubox","Unknown","KOSDAQ"
"036220.KQ","INFOPIA","Unknown","KOSDAQ"
"068630.KQ","EpiValley","Unknown","KOSDAQ"
"032860.KQ","Inits","Unknown","KOSDAQ"
"061040.KQ","RFTECH","Unknown","KOSDAQ"
"032930.KQ","AceTech","Unknown","KOSDAQ"
"037760.KQ","CENIT","Unknown","KOSDAQ"
"039740.KQ","KIES","Unknown","KOSDAQ"
"049070.KQ","INTOPS","Unknown","KOSDAQ"
"017680.KQ","netishion","Unknown","KOSDAQ"
"069540.KQ","LIGHTRON","Unknown","KOSDAQ"
"089230.KQ","YONGHYUN BM","Unknown","KOSDAQ"
"007390.KQ","SAMMI FOOD","Unknown","KOSDAQ"
"033200.KQ","MOATECH","Unknown","KOSDAQ"
"072430.KQ","IREVO","Unknown","KOSDAQ"
"018890.KQ","MORARESOURCE","Unknown","KOSDAQ"
"078520.KQ","ABLE","Unknown","KOSDAQ"
"037400.KQ","WooreeLight","Unknown","KOSDAQ"
"047710.KQ","Acti2O","Unknown","KOSDAQ"
