<?xml version="1.0" encoding="UTF-8"?>
<feature
      id="org.eclipsetrader.brokers.paper"
      label="%featureName"
      version="1.0.0.v201301040902-2--7w312412151A13"
      provider-name="%providerName">

   <description>
      %description
   </description>

   <copyright>
      %copyright
   </copyright>

   <license>
      %license
   </license>

   <url>
      <update label="%updateSiteName" url="http://www.eclipsetrader.org/updates"/>
      <discovery label="Sourceforge.net" url="http://eclipsetrader.sourceforge.net/updates"/>
   </url>

   <requires>
      <import feature="org.eclipsetrader.platform" version="1.0.0" match="compatible"/>
   </requires>

   <plugin
         id="org.eclipsetrader.brokers.paper"
         download-size="0"
         install-size="0"
         version="1.0.0.v201301040902"
         unpack="false"/>

</feature>
