<?xml version="1.0" encoding="UTF-8" standalone="no"?>
<module codename="org.aiotrade.platform.modules.dataserver.basic">
    <module_version install_time="1163675146535" last="false" origin="installer" specification_version="1.0">
        <file crc="3633168821" name="config/Modules/org-aiotrade-platform-modules-dataserver-basic.xml"/>
        <file crc="2908425620" name="modules/org-aiotrade-platform-modules-dataserver-basic.jar"/>
    </module_version>
    <module_version install_time="1171656352578" last="true" origin="updater" specification_version="1.0.3.1">
        <file crc="3633168821" name="config/Modules/org-aiotrade-platform-modules-dataserver-basic.xml"/>
        <file crc="4293018281" name="modules/org-aiotrade-platform-modules-dataserver-basic.jar"/>
    </module_version>
</module>
