<?xml version="1.0" encoding="UTF-8"?>
<feature
      id="org.eclipsetrader.directaworld"
      label="%featureName"
      version="1.0.0.v201301040902-7956AoH9HdBTOHAaDI"
      provider-name="%providerName">

   <description>
      %description
   </description>

   <copyright>
      %copyright
   </copyright>

   <license>
      %license
   </license>

   <url>
      <update label="%updateSiteName" url="http://www.eclipsetrader.org/updates"/>
      <discovery label="Sourceforge.net" url="http://eclipsetrader.sourceforge.net/updates"/>
   </url>

   <requires>
      <import feature="org.eclipsetrader.platform" version="1.0.0" match="compatible"/>
      <import feature="org.apache.commons" version="1.0.0" match="compatible"/>
   </requires>

   <plugin
         id="org.eclipsetrader.directaworld"
         download-size="0"
         install-size="0"
         version="1.0.0.v201301040902"
         unpack="false"/>

   <plugin
         id="javax.xml.bind"
         download-size="0"
         install-size="0"
         version="2.1.6.20071219"/>

   <plugin
         id="org.apache.commons.codec"
         download-size="0"
         install-size="0"
         version="1.3.0.v200906221723"
         unpack="false"/>

   <plugin
         id="org.apache.commons.httpclient"
         download-size="0"
         install-size="0"
         version="3.1.0.v200906221723"
         unpack="false"/>

   <plugin
         id="org.apache.commons.logging"
         download-size="0"
         install-size="0"
         version="1.1.1.v200906221723"
         unpack="false"/>

</feature>
