<?xml version="1.0" encoding="UTF-8"?>
<feature
      id="org.apache.commons"
      label="%featureName"
      version="1.0.0.v200906221723-7A60BgJ99r9cJJEhJO"
      provider-name="%providerName">

   <description>
      %description
   </description>

   <copyright>
      %copyright
   </copyright>

   <license url="%licenseURL">
      %license
   </license>

   <url>
      <update label="Main Update Site" url="http://www.eclipsetrader.org/updates"/>
      <discovery label="Sourceforge.net" url="http://eclipsetrader.sourceforge.net/updates"/>
   </url>

   <plugin
         id="org.apache.commons"
         download-size="0"
         install-size="0"
         version="1.0.0.v200906221723"
         unpack="false"/>

   <plugin
         id="org.apache.commons.codec"
         download-size="0"
         install-size="0"
         version="1.3.0.v200906221723"
         unpack="false"/>

   <plugin
         id="org.apache.commons.collections"
         download-size="0"
         install-size="0"
         version="3.2.0.v200906221723"
         unpack="false"/>

   <plugin
         id="org.apache.commons.httpclient"
         download-size="0"
         install-size="0"
         version="3.1.0.v200906221723"
         unpack="false"/>

   <plugin
         id="org.apache.commons.logging"
         download-size="0"
         install-size="0"
         version="1.1.1.v200906221723"
         unpack="false"/>

</feature>
