<?xml version="1.0" encoding="UTF-8"?>
<feature
      id="org.jdom"
      label="%featureName"
      version="1.0.0.v200805261200"
      provider-name="%providerName">

   <description>
      %description
   </description>

   <copyright>
      %copyright
   </copyright>

   <license url="LICENSE.txt">
      %license
   </license>

   <url>
      <update label="EclipseTrader.org" url="http://www.eclipsetrader.org/updates"/>
      <discovery label="Sourceforge.net" url="http://eclipsetrader.sourceforge.net/updates"/>
   </url>

   <plugin
         id="org.jdom"
         download-size="0"
         install-size="0"
         version="1.0.0.v200805261200"
         unpack="false"/>

</feature>
